,클러스터,PBR_기준,투자기간,결과
0,0,5,10,-0.10863306407024029
1,0,6,10,-0.10863306407024029
2,0,7,10,-0.10863306407024029
3,0,8,10,-0.10863306407024029
4,0,9,10,-0.10863306407024029
5,0,10,10,-0.10863306407024029
6,0,11,10,-0.14588439571237602
7,0,12,10,-0.14588439571237602
8,0,13,10,-0.14588439571237602
9,0,14,10,-0.14588439571237602
10,0,15,10,-0.14588439571237602
11,0,16,10,-0.14588439571237602
12,0,17,10,-0.14588439571237602
13,0,18,10,-0.14588439571237602
14,0,19,10,-0.14588439571237602
15,0,5,40,-0.10698791570257035
16,0,6,40,-0.10698791570257035
17,0,7,40,-0.10698791570257035
18,0,8,40,-0.10698791570257035
19,0,9,40,-0.10698791570257035
20,0,10,40,-0.10698791570257035
21,0,11,40,-0.14496376811594203
22,0,12,40,-0.14496376811594203
23,0,13,40,-0.14496376811594203
24,0,14,40,-0.14496376811594203
25,0,15,40,-0.14496376811594203
26,0,16,40,-0.14496376811594203
27,0,17,40,-0.14496376811594203
28,0,18,40,-0.14496376811594203
29,0,19,40,-0.14496376811594203
30,0,5,70,-0.113820639697045
31,0,6,70,-0.113820639697045
32,0,7,70,-0.113820639697045
33,0,8,70,-0.113820639697045
34,0,9,70,-0.113820639697045
35,0,10,70,-0.113820639697045
36,0,11,70,-0.1483062129321289
37,0,12,70,-0.1483062129321289
38,0,13,70,-0.1483062129321289
39,0,14,70,-0.1483062129321289
40,0,15,70,-0.1483062129321289
41,0,16,70,-0.1483062129321289
42,0,17,70,-0.1483062129321289
43,0,18,70,-0.1483062129321289
44,0,19,70,-0.1483062129321289
45,0,5,100,-0.10928343801833212
46,0,6,100,-0.10928343801833212
47,0,7,100,-0.10928343801833212
48,0,8,100,-0.10928343801833212
49,0,9,100,-0.10928343801833212
50,0,10,100,-0.10928343801833212
51,0,11,100,-0.1516835016835017
52,0,12,100,-0.1516835016835017
53,0,13,100,-0.1516835016835017
54,0,14,100,-0.1516835016835017
55,0,15,100,-0.1516835016835017
56,0,16,100,-0.1516835016835017
57,0,17,100,-0.1516835016835017
58,0,18,100,-0.1516835016835017
59,0,19,100,-0.1516835016835017
60,0,5,130,-0.1031031031031031
61,0,6,130,-0.1031031031031031
62,0,7,130,-0.1031031031031031
63,0,8,130,-0.1031031031031031
64,0,9,130,-0.1031031031031031
65,0,10,130,-0.1031031031031031
66,0,11,130,-0.1491865330152014
67,0,12,130,-0.1491865330152014
68,0,13,130,-0.1491865330152014
69,0,14,130,-0.1491865330152014
70,0,15,130,-0.1491865330152014
71,0,16,130,-0.1491865330152014
72,0,17,130,-0.1491865330152014
73,0,18,130,-0.1491865330152014
74,0,19,130,-0.1491865330152014
75,0,5,160,-0.15087040618955513
76,0,6,160,-0.15087040618955513
77,0,7,160,-0.15087040618955513
78,0,8,160,-0.15087040618955513
79,0,9,160,-0.15087040618955513
80,0,10,160,-0.15087040618955513
81,0,11,160,-0.16989069024809628
82,0,12,160,-0.16989069024809628
83,0,13,160,-0.16989069024809628
84,0,14,160,-0.16989069024809628
85,0,15,160,-0.16989069024809628
86,0,16,160,-0.16989069024809628
87,0,17,160,-0.16989069024809628
88,0,18,160,-0.16989069024809628
89,0,19,160,-0.16989069024809628
90,0,5,190,-0.1031031031031031
91,0,6,190,-0.1031031031031031
92,0,7,190,-0.1031031031031031
93,0,8,190,-0.1031031031031031
94,0,9,190,-0.1031031031031031
95,0,10,190,-0.1031031031031031
96,0,11,190,-0.1524257552483359
97,0,12,190,-0.1524257552483359
98,0,13,190,-0.1524257552483359
99,0,14,190,-0.1524257552483359
100,0,15,190,-0.1524257552483359
101,0,16,190,-0.1524257552483359
102,0,17,190,-0.1524257552483359
103,0,18,190,-0.1524257552483359
104,0,19,190,-0.1524257552483359
105,0,5,220,-0.15394588228055603
106,0,6,220,-0.15394588228055603
107,0,7,220,-0.15394588228055603
108,0,8,220,-0.15394588228055603
109,0,9,220,-0.15394588228055603
110,0,10,220,-0.15394588228055603
111,0,11,220,-0.1970209803639157
112,0,12,220,-0.1970209803639157
113,0,13,220,-0.1970209803639157
114,0,14,220,-0.1970209803639157
115,0,15,220,-0.1970209803639157
116,0,16,220,-0.1970209803639157
117,0,17,220,-0.1970209803639157
118,0,18,220,-0.1970209803639157
119,0,19,220,-0.1970209803639157
120,0,5,250,-0.15033783783783783
121,0,6,250,-0.15033783783783783
122,0,7,250,-0.15033783783783783
123,0,8,250,-0.15033783783783783
124,0,9,250,-0.15033783783783783
125,0,10,250,-0.15033783783783783
126,0,11,250,-0.16168875685557588
127,0,12,250,-0.16168875685557588
128,0,13,250,-0.16168875685557588
129,0,14,250,-0.16168875685557588
130,0,15,250,-0.16168875685557588
131,0,16,250,-0.16168875685557588
132,0,17,250,-0.16168875685557588
133,0,18,250,-0.16168875685557588
134,0,19,250,-0.16168875685557588
135,0,5,280,-0.13952322332567982
136,0,6,280,-0.13952322332567982
137,0,7,280,-0.13952322332567982
138,0,8,280,-0.13952322332567982
139,0,9,280,-0.13952322332567982
140,0,10,280,-0.13952322332567982
141,0,11,280,-0.16666666666666666
142,0,12,280,-0.16666666666666666
143,0,13,280,-0.16666666666666666
144,0,14,280,-0.16666666666666666
145,0,15,280,-0.16666666666666666
146,0,16,280,-0.16666666666666666
147,0,17,280,-0.16666666666666666
148,0,18,280,-0.16666666666666666
149,0,19,280,-0.16666666666666666
150,0,5,310,-0.14400805639476336
151,0,6,310,-0.14400805639476336
152,0,7,310,-0.14400805639476336
153,0,8,310,-0.14400805639476336
154,0,9,310,-0.14400805639476336
155,0,10,310,-0.14400805639476336
156,0,11,310,-0.17974682206747888
157,0,12,310,-0.17974682206747888
158,0,13,310,-0.17974682206747888
159,0,14,310,-0.17974682206747888
160,0,15,310,-0.17974682206747888
161,0,16,310,-0.17974682206747888
162,0,17,310,-0.17974682206747888
163,0,18,310,-0.17974682206747888
164,0,19,310,-0.17974682206747888
165,0,5,340,-0.18092909535452323
166,0,6,340,-0.18092909535452323
167,0,7,340,-0.18092909535452323
168,0,8,340,-0.18092909535452323
169,0,9,340,-0.18092909535452323
170,0,10,340,-0.18092909535452323
171,0,11,340,-0.23755609493801289
172,0,12,340,-0.23755609493801289
173,0,13,340,-0.23755609493801289
174,0,14,340,-0.23755609493801289
175,0,15,340,-0.23755609493801289
176,0,16,340,-0.23755609493801289
177,0,17,340,-0.23755609493801289
178,0,18,340,-0.23755609493801289
179,0,19,340,-0.23755609493801289
180,0,5,370,-0.16379310344827586
181,0,6,370,-0.16379310344827586
182,0,7,370,-0.16379310344827586
183,0,8,370,-0.16379310344827586
184,0,9,370,-0.16379310344827586
185,0,10,370,-0.16379310344827586
186,0,11,370,-0.19878260548289367
187,0,12,370,-0.19878260548289367
188,0,13,370,-0.19878260548289367
189,0,14,370,-0.19878260548289367
190,0,15,370,-0.19878260548289367
191,0,16,370,-0.19878260548289367
192,0,17,370,-0.19878260548289367
193,0,18,370,-0.19878260548289367
194,0,19,370,-0.19878260548289367
195,0,5,400,-0.06560093509350935
196,0,6,400,-0.06560093509350935
197,0,7,400,-0.06560093509350935
198,0,8,400,-0.06560093509350935
199,0,9,400,-0.06560093509350935
200,0,10,400,-0.06560093509350935
201,0,11,400,-0.12202740525955458
202,0,12,400,-0.12202740525955458
203,0,13,400,-0.12202740525955458
204,0,14,400,-0.12202740525955458
205,0,15,400,-0.12202740525955458
206,0,16,400,-0.12202740525955458
207,0,17,400,-0.12202740525955458
208,0,18,400,-0.12202740525955458
209,0,19,400,-0.12202740525955458
210,0,5,430,-0.12537839096518805
211,0,6,430,-0.12537839096518805
212,0,7,430,-0.12537839096518805
213,0,8,430,-0.12537839096518805
214,0,9,430,-0.12537839096518805
215,0,10,430,-0.12537839096518805
216,0,11,430,-0.1770793159835244
217,0,12,430,-0.1770793159835244
218,0,13,430,-0.1770793159835244
219,0,14,430,-0.1770793159835244
220,0,15,430,-0.1770793159835244
221,0,16,430,-0.1770793159835244
222,0,17,430,-0.1770793159835244
223,0,18,430,-0.1770793159835244
224,0,19,430,-0.1770793159835244
225,0,5,460,-0.16931696548033182
226,0,6,460,-0.16931696548033182
227,0,7,460,-0.16931696548033182
228,0,8,460,-0.16931696548033182
229,0,9,460,-0.16931696548033182
230,0,10,460,-0.16931696548033182
231,0,11,460,-0.2013119533527697
232,0,12,460,-0.2013119533527697
233,0,13,460,-0.2013119533527697
234,0,14,460,-0.2013119533527697
235,0,15,460,-0.2013119533527697
236,0,16,460,-0.2013119533527697
237,0,17,460,-0.2013119533527697
238,0,18,460,-0.2013119533527697
239,0,19,460,-0.2013119533527697
240,0,5,490,-0.19739699776429256
241,0,6,490,-0.19739699776429256
242,0,7,490,-0.19739699776429256
243,0,8,490,-0.19739699776429256
244,0,9,490,-0.19739699776429256
245,0,10,490,-0.19739699776429256
246,0,11,490,-0.23421691364333164
247,0,12,490,-0.23421691364333164
248,0,13,490,-0.23421691364333164
249,0,14,490,-0.23421691364333164
250,0,15,490,-0.23421691364333164
251,0,16,490,-0.23421691364333164
252,0,17,490,-0.23421691364333164
253,0,18,490,-0.23421691364333164
254,0,19,490,-0.23421691364333164
255,0,5,520,-0.2650371612733491
256,0,6,520,-0.2650371612733491
257,0,7,520,-0.2650371612733491
258,0,8,520,-0.2650371612733491
259,0,9,520,-0.2650371612733491
260,0,10,520,-0.2650371612733491
261,0,11,520,-0.2777072035330995
262,0,12,520,-0.2777072035330995
263,0,13,520,-0.2777072035330995
264,0,14,520,-0.2777072035330995
265,0,15,520,-0.2777072035330995
266,0,16,520,-0.2777072035330995
267,0,17,520,-0.2777072035330995
268,0,18,520,-0.2777072035330995
269,0,19,520,-0.2777072035330995
270,0,5,550,-0.23276006986368347
271,0,6,550,-0.23276006986368347
272,0,7,550,-0.23276006986368347
273,0,8,550,-0.23276006986368347
274,0,9,550,-0.23276006986368347
275,0,10,550,-0.23276006986368347
276,0,11,550,-0.25432207108380867
277,0,12,550,-0.25432207108380867
278,0,13,550,-0.25432207108380867
279,0,14,550,-0.25432207108380867
280,0,15,550,-0.25432207108380867
281,0,16,550,-0.25432207108380867
282,0,17,550,-0.25432207108380867
283,0,18,550,-0.25432207108380867
284,0,19,550,-0.25432207108380867
285,0,5,580,0.006756756756756757
286,0,6,580,0.006756756756756757
287,0,7,580,0.006756756756756757
288,0,8,580,0.006756756756756757
289,0,9,580,0.006756756756756757
290,0,10,580,0.006756756756756757
291,0,11,580,-0.07712156825689823
292,0,12,580,-0.07712156825689823
293,0,13,580,-0.07712156825689823
294,0,14,580,-0.07712156825689823
295,0,15,580,-0.07712156825689823
296,0,16,580,-0.07712156825689823
297,0,17,580,-0.07712156825689823
298,0,18,580,-0.07712156825689823
299,0,19,580,-0.07712156825689823
300,0,5,610,-0.10615384615384615
301,0,6,610,-0.10615384615384615
302,0,7,610,-0.10615384615384615
303,0,8,610,-0.10615384615384615
304,0,9,610,-0.10615384615384615
305,0,10,610,-0.10615384615384615
306,0,11,610,-0.17403646393008096
307,0,12,610,-0.17403646393008096
308,0,13,610,-0.17403646393008096
309,0,14,610,-0.17403646393008096
310,0,15,610,-0.17403646393008096
311,0,16,610,-0.17403646393008096
312,0,17,610,-0.17403646393008096
313,0,18,610,-0.17403646393008096
314,0,19,610,-0.17403646393008096
315,0,5,640,-0.1067472306143001
316,0,6,640,-0.1067472306143001
317,0,7,640,-0.1067472306143001
318,0,8,640,-0.1067472306143001
319,0,9,640,-0.1067472306143001
320,0,10,640,-0.1067472306143001
321,0,11,640,-0.1855307226593631
322,0,12,640,-0.1855307226593631
323,0,13,640,-0.1855307226593631
324,0,14,640,-0.1855307226593631
325,0,15,640,-0.1855307226593631
326,0,16,640,-0.1855307226593631
327,0,17,640,-0.1855307226593631
328,0,18,640,-0.1855307226593631
329,0,19,640,-0.1855307226593631
330,0,5,670,-0.13384615384615384
331,0,6,670,-0.13384615384615384
332,0,7,670,-0.13384615384615384
333,0,8,670,-0.13384615384615384
334,0,9,670,-0.13384615384615384
335,0,10,670,-0.13384615384615384
336,0,11,670,-0.19602891109002624
337,0,12,670,-0.19602891109002624
338,0,13,670,-0.19602891109002624
339,0,14,670,-0.19602891109002624
340,0,15,670,-0.19602891109002624
341,0,16,670,-0.19602891109002624
342,0,17,670,-0.19602891109002624
343,0,18,670,-0.19602891109002624
344,0,19,670,-0.19602891109002624
345,0,5,700,-0.23178807947019867
346,0,6,700,-0.23178807947019867
347,0,7,700,-0.23178807947019867
348,0,8,700,-0.23178807947019867
349,0,9,700,-0.23178807947019867
350,0,10,700,-0.23178807947019867
351,0,11,700,-0.2631778265614808
352,0,12,700,-0.2631778265614808
353,0,13,700,-0.2631778265614808
354,0,14,700,-0.2631778265614808
355,0,15,700,-0.2631778265614808
356,0,16,700,-0.2631778265614808
357,0,17,700,-0.2631778265614808
358,0,18,700,-0.2631778265614808
359,0,19,700,-0.2631778265614808
360,0,5,730,-0.22847682119205298
361,0,6,730,-0.22847682119205298
362,0,7,730,-0.22847682119205298
363,0,8,730,-0.22847682119205298
364,0,9,730,-0.22847682119205298
365,0,10,730,-0.22847682119205298
366,0,11,730,-0.2500111510916183
367,0,12,730,-0.2500111510916183
368,0,13,730,-0.2500111510916183
369,0,14,730,-0.2500111510916183
370,0,15,730,-0.2500111510916183
371,0,16,730,-0.2500111510916183
372,0,17,730,-0.2500111510916183
373,0,18,730,-0.2500111510916183
374,0,19,730,-0.2500111510916183
375,0,5,760,-0.1593487690455542
376,0,6,760,-0.1593487690455542
377,0,7,760,-0.1593487690455542
378,0,8,760,-0.1593487690455542
379,0,9,760,-0.1593487690455542
380,0,10,760,-0.1593487690455542
381,0,11,760,-0.18972784609461693
382,0,12,760,-0.18972784609461693
383,0,13,760,-0.18972784609461693
384,0,14,760,-0.18972784609461693
385,0,15,760,-0.18972784609461693
386,0,16,760,-0.18972784609461693
387,0,17,760,-0.18972784609461693
388,0,18,760,-0.18972784609461693
389,0,19,760,-0.18972784609461693
390,0,5,790,-0.19162239948439033
391,0,6,790,-0.19162239948439033
392,0,7,790,-0.19162239948439033
393,0,8,790,-0.19162239948439033
394,0,9,790,-0.19162239948439033
395,0,10,790,-0.19162239948439033
396,0,11,790,-0.2146009006558467
397,0,12,790,-0.2146009006558467
398,0,13,790,-0.2146009006558467
399,0,14,790,-0.2146009006558467
400,0,15,790,-0.2146009006558467
401,0,16,790,-0.2146009006558467
402,0,17,790,-0.2146009006558467
403,0,18,790,-0.2146009006558467
404,0,19,790,-0.2146009006558467
405,0,5,820,-0.2
406,0,6,820,-0.2
407,0,7,820,-0.2
408,0,8,820,-0.2
409,0,9,820,-0.2
410,0,10,820,-0.2
411,0,11,820,-0.23118530187102165
412,0,12,820,-0.23118530187102165
413,0,13,820,-0.23118530187102165
414,0,14,820,-0.23118530187102165
415,0,15,820,-0.23118530187102165
416,0,16,820,-0.23118530187102165
417,0,17,820,-0.23118530187102165
418,0,18,820,-0.23118530187102165
419,0,19,820,-0.23118530187102165
420,0,5,850,-0.19205298013245034
421,0,6,850,-0.19205298013245034
422,0,7,850,-0.19205298013245034
423,0,8,850,-0.19205298013245034
424,0,9,850,-0.19205298013245034
425,0,10,850,-0.19205298013245034
426,0,11,850,-0.23488649032127293
427,0,12,850,-0.23488649032127293
428,0,13,850,-0.23488649032127293
429,0,14,850,-0.23488649032127293
430,0,15,850,-0.23488649032127293
431,0,16,850,-0.23488649032127293
432,0,17,850,-0.23488649032127293
433,0,18,850,-0.23488649032127293
434,0,19,850,-0.23488649032127293
435,0,5,880,-0.26686807653575023
436,0,6,880,-0.26686807653575023
437,0,7,880,-0.26686807653575023
438,0,8,880,-0.26686807653575023
439,0,9,880,-0.26686807653575023
440,0,10,880,-0.26686807653575023
441,0,11,880,-0.33085207572642755
442,0,12,880,-0.33085207572642755
443,0,13,880,-0.33085207572642755
444,0,14,880,-0.33085207572642755
445,0,15,880,-0.33085207572642755
446,0,16,880,-0.33085207572642755
447,0,17,880,-0.33085207572642755
448,0,18,880,-0.33085207572642755
449,0,19,880,-0.33085207572642755
450,0,5,910,-0.26846437671971446
451,0,6,910,-0.26846437671971446
452,0,7,910,-0.26846437671971446
453,0,8,910,-0.26846437671971446
454,0,9,910,-0.26846437671971446
455,0,10,910,-0.26846437671971446
456,0,11,910,-0.3033723522853957
457,0,12,910,-0.3033723522853957
458,0,13,910,-0.3033723522853957
459,0,14,910,-0.3033723522853957
460,0,15,910,-0.3033723522853957
461,0,16,910,-0.3033723522853957
462,0,17,910,-0.3033723522853957
463,0,18,910,-0.3033723522853957
464,0,19,910,-0.3033723522853957
465,0,5,940,-0.29103726082578046
466,0,6,940,-0.29103726082578046
467,0,7,940,-0.29103726082578046
468,0,8,940,-0.29103726082578046
469,0,9,940,-0.29103726082578046
470,0,10,940,-0.29103726082578046
471,0,11,940,-0.29664776526015235
472,0,12,940,-0.29664776526015235
473,0,13,940,-0.29664776526015235
474,0,14,940,-0.29664776526015235
475,0,15,940,-0.29664776526015235
476,0,16,940,-0.29664776526015235
477,0,17,940,-0.29664776526015235
478,0,18,940,-0.29664776526015235
479,0,19,940,-0.29664776526015235
480,0,5,970,-0.2961608775137112
481,0,6,970,-0.2961608775137112
482,0,7,970,-0.2961608775137112
483,0,8,970,-0.2961608775137112
484,0,9,970,-0.2961608775137112
485,0,10,970,-0.2961608775137112
486,0,11,970,-0.298442867831343
487,0,12,970,-0.298442867831343
488,0,13,970,-0.298442867831343
489,0,14,970,-0.298442867831343
490,0,15,970,-0.298442867831343
491,0,16,970,-0.298442867831343
492,0,17,970,-0.298442867831343
493,0,18,970,-0.298442867831343
494,0,19,970,-0.298442867831343
495,0,5,1000,-0.32057911065149947
496,0,6,1000,-0.32057911065149947
497,0,7,1000,-0.32057911065149947
498,0,8,1000,-0.32057911065149947
499,0,9,1000,-0.32057911065149947
500,0,10,1000,-0.32057911065149947
501,0,11,1000,-0.3332975842764999
502,0,12,1000,-0.3332975842764999
503,0,13,1000,-0.3332975842764999
504,0,14,1000,-0.3332975842764999
505,0,15,1000,-0.3332975842764999
506,0,16,1000,-0.3332975842764999
507,0,17,1000,-0.3332975842764999
508,0,18,1000,-0.3332975842764999
509,0,19,1000,-0.3332975842764999
510,0,5,1030,-0.5734797297297297
511,0,6,1030,-0.5734797297297297
512,0,7,1030,-0.5734797297297297
513,0,8,1030,-0.5734797297297297
514,0,9,1030,-0.5734797297297297
515,0,10,1030,-0.5734797297297297
516,0,11,1030,-0.5615870638923918
517,0,12,1030,-0.5615870638923918
518,0,13,1030,-0.5615870638923918
519,0,14,1030,-0.5615870638923918
520,0,15,1030,-0.5615870638923918
521,0,16,1030,-0.5615870638923918
522,0,17,1030,-0.5615870638923918
523,0,18,1030,-0.5615870638923918
524,0,19,1030,-0.5615870638923918
525,0,5,1060,-0.4506024096385542
526,0,6,1060,-0.4506024096385542
527,0,7,1060,-0.4506024096385542
528,0,8,1060,-0.4506024096385542
529,0,9,1060,-0.4506024096385542
530,0,10,1060,-0.4506024096385542
531,0,11,1060,-0.42712319651261477
532,0,12,1060,-0.42712319651261477
533,0,13,1060,-0.42712319651261477
534,0,14,1060,-0.42712319651261477
535,0,15,1060,-0.42712319651261477
536,0,16,1060,-0.42712319651261477
537,0,17,1060,-0.42712319651261477
538,0,18,1060,-0.42712319651261477
539,0,19,1060,-0.42712319651261477
540,0,5,1090,-0.4310171198388721
541,0,6,1090,-0.4310171198388721
542,0,7,1090,-0.4310171198388721
543,0,8,1090,-0.4310171198388721
544,0,9,1090,-0.4310171198388721
545,0,10,1090,-0.4310171198388721
546,0,11,1090,-0.42565566343315164
547,0,12,1090,-0.42565566343315164
548,0,13,1090,-0.42565566343315164
549,0,14,1090,-0.42565566343315164
550,0,15,1090,-0.42565566343315164
551,0,16,1090,-0.42565566343315164
552,0,17,1090,-0.42565566343315164
553,0,18,1090,-0.42565566343315164
554,0,19,1090,-0.42565566343315164
555,0,5,1120,-0.3972222222222222
556,0,6,1120,-0.3972222222222222
557,0,7,1120,-0.3972222222222222
558,0,8,1120,-0.3972222222222222
559,0,9,1120,-0.3972222222222222
560,0,10,1120,-0.3972222222222222
561,0,11,1120,-0.39779143897996355
562,0,12,1120,-0.39779143897996355
563,0,13,1120,-0.39779143897996355
564,0,14,1120,-0.39779143897996355
565,0,15,1120,-0.39779143897996355
566,0,16,1120,-0.39779143897996355
567,0,17,1120,-0.39779143897996355
568,0,18,1120,-0.39779143897996355
569,0,19,1120,-0.39779143897996355
570,1,5,10,0.1661807580174927
571,1,6,10,0.1661807580174927
572,1,7,10,0.1661807580174927
573,1,8,10,0.1661807580174927
574,1,9,10,0.1661807580174927
575,1,10,10,0.1661807580174927
576,1,11,10,0.1897774772559626
577,1,12,10,0.1897774772559626
578,1,13,10,0.1897774772559626
579,1,14,10,0.1897774772559626
580,1,15,10,0.1897774772559626
581,1,16,10,0.1897774772559626
582,1,17,10,0.1897774772559626
583,1,18,10,0.1897774772559626
584,1,19,10,0.1897774772559626
585,1,5,40,0.17010060383525594
586,1,6,40,0.17010060383525594
587,1,7,40,0.17010060383525594
588,1,8,40,0.17010060383525594
589,1,9,40,0.17010060383525594
590,1,10,40,0.17010060383525594
591,1,11,40,0.1952172256097561
592,1,12,40,0.1952172256097561
593,1,13,40,0.1952172256097561
594,1,14,40,0.1952172256097561
595,1,15,40,0.1952172256097561
596,1,16,40,0.1952172256097561
597,1,17,40,0.1952172256097561
598,1,18,40,0.1952172256097561
599,1,19,40,0.1952172256097561
600,1,5,70,0.1775096726708507
601,1,6,70,0.1775096726708507
602,1,7,70,0.1775096726708507
603,1,8,70,0.1775096726708507
604,1,9,70,0.1775096726708507
605,1,10,70,0.1775096726708507
606,1,11,70,0.20561229500147304
607,1,12,70,0.20561229500147304
608,1,13,70,0.20561229500147304
609,1,14,70,0.20561229500147304
610,1,15,70,0.20561229500147304
611,1,16,70,0.20561229500147304
612,1,17,70,0.20561229500147304
613,1,18,70,0.20561229500147304
614,1,19,70,0.20561229500147304
615,1,5,100,0.19008264462809918
616,1,6,100,0.19008264462809918
617,1,7,100,0.19008264462809918
618,1,8,100,0.19008264462809918
619,1,9,100,0.19008264462809918
620,1,10,100,0.19008264462809918
621,1,11,100,0.21433125079688894
622,1,12,100,0.21433125079688894
623,1,13,100,0.21433125079688894
624,1,14,100,0.21433125079688894
625,1,15,100,0.21433125079688894
626,1,16,100,0.21433125079688894
627,1,17,100,0.21433125079688894
628,1,18,100,0.21433125079688894
629,1,19,100,0.21433125079688894
630,1,5,130,0.19482237339380196
631,1,6,130,0.19482237339380196
632,1,7,130,0.19482237339380196
633,1,8,130,0.19482237339380196
634,1,9,130,0.19482237339380196
635,1,10,130,0.19482237339380196
636,1,11,130,0.19698961709711732
637,1,12,130,0.19698961709711732
638,1,13,130,0.19698961709711732
639,1,14,130,0.19698961709711732
640,1,15,130,0.19698961709711732
641,1,16,130,0.19698961709711732
642,1,17,130,0.19698961709711732
643,1,18,130,0.19698961709711732
644,1,19,130,0.19698961709711732
645,1,5,160,0.1967930029154519
646,1,6,160,0.1967930029154519
647,1,7,160,0.1967930029154519
648,1,8,160,0.1967930029154519
649,1,9,160,0.1967930029154519
650,1,10,160,0.1967930029154519
651,1,11,160,0.2206432014740331
652,1,12,160,0.2206432014740331
653,1,13,160,0.2206432014740331
654,1,14,160,0.2206432014740331
655,1,15,160,0.2206432014740331
656,1,16,160,0.2206432014740331
657,1,17,160,0.2206432014740331
658,1,18,160,0.2206432014740331
659,1,19,160,0.2206432014740331
660,1,5,190,0.2369600987248046
661,1,6,190,0.2369600987248046
662,1,7,190,0.2369600987248046
663,1,8,190,0.2369600987248046
664,1,9,190,0.2369600987248046
665,1,10,190,0.2369600987248046
666,1,11,190,0.25556775524133124
667,1,12,190,0.25556775524133124
668,1,13,190,0.25556775524133124
669,1,14,190,0.25556775524133124
670,1,15,190,0.25556775524133124
671,1,16,190,0.25556775524133124
672,1,17,190,0.25556775524133124
673,1,18,190,0.25556775524133124
674,1,19,190,0.25556775524133124
675,1,5,220,0.14779874213836477
676,1,6,220,0.14779874213836477
677,1,7,220,0.14779874213836477
678,1,8,220,0.14779874213836477
679,1,9,220,0.14779874213836477
680,1,10,220,0.14779874213836477
681,1,11,220,0.17430762329468014
682,1,12,220,0.17430762329468014
683,1,13,220,0.17430762329468014
684,1,14,220,0.17430762329468014
685,1,15,220,0.17430762329468014
686,1,16,220,0.17430762329468014
687,1,17,220,0.17430762329468014
688,1,18,220,0.17430762329468014
689,1,19,220,0.17430762329468014
690,1,5,250,0.2190254906852961
691,1,6,250,0.2190254906852961
692,1,7,250,0.2190254906852961
693,1,8,250,0.2190254906852961
694,1,9,250,0.2190254906852961
695,1,10,250,0.2190254906852961
696,1,11,250,0.24200878267973858
697,1,12,250,0.24200878267973858
698,1,13,250,0.24200878267973858
699,1,14,250,0.24200878267973858
700,1,15,250,0.24200878267973858
701,1,16,250,0.24200878267973858
702,1,17,250,0.24200878267973858
703,1,18,250,0.24200878267973858
704,1,19,250,0.24200878267973858
705,1,5,280,0.2501043791685605
706,1,6,280,0.2501043791685605
707,1,7,280,0.2501043791685605
708,1,8,280,0.2501043791685605
709,1,9,280,0.2501043791685605
710,1,10,280,0.2501043791685605
711,1,11,280,0.2604472140762463
712,1,12,280,0.2604472140762463
713,1,13,280,0.2604472140762463
714,1,14,280,0.2604472140762463
715,1,15,280,0.2604472140762463
716,1,16,280,0.2604472140762463
717,1,17,280,0.2604472140762463
718,1,18,280,0.2604472140762463
719,1,19,280,0.2604472140762463
720,1,5,310,0.18226600985221675
721,1,6,310,0.18226600985221675
722,1,7,310,0.18226600985221675
723,1,8,310,0.18226600985221675
724,1,9,310,0.18226600985221675
725,1,10,310,0.18226600985221675
726,1,11,310,0.2060915044994651
727,1,12,310,0.2060915044994651
728,1,13,310,0.2060915044994651
729,1,14,310,0.2060915044994651
730,1,15,310,0.2060915044994651
731,1,16,310,0.2060915044994651
732,1,17,310,0.2060915044994651
733,1,18,310,0.2060915044994651
734,1,19,310,0.2060915044994651
735,1,5,340,0.14206642066420663
736,1,6,340,0.14206642066420663
737,1,7,340,0.14206642066420663
738,1,8,340,0.14206642066420663
739,1,9,340,0.14206642066420663
740,1,10,340,0.14206642066420663
741,1,11,340,0.15346229523741792
742,1,12,340,0.15346229523741792
743,1,13,340,0.15346229523741792
744,1,14,340,0.15346229523741792
745,1,15,340,0.15346229523741792
746,1,16,340,0.15346229523741792
747,1,17,340,0.15346229523741792
748,1,18,340,0.15346229523741792
749,1,19,340,0.15346229523741792
750,1,5,370,0.20159680638722555
751,1,6,370,0.20159680638722555
752,1,7,370,0.20159680638722555
753,1,8,370,0.20159680638722555
754,1,9,370,0.20159680638722555
755,1,10,370,0.20159680638722555
756,1,11,370,0.22142554079670423
757,1,12,370,0.22142554079670423
758,1,13,370,0.22142554079670423
759,1,14,370,0.22142554079670423
760,1,15,370,0.22142554079670423
761,1,16,370,0.22142554079670423
762,1,17,370,0.22142554079670423
763,1,18,370,0.22142554079670423
764,1,19,370,0.22142554079670423
765,1,5,400,0.2743024944374426
766,1,6,400,0.2743024944374426
767,1,7,400,0.2743024944374426
768,1,8,400,0.2743024944374426
769,1,9,400,0.2743024944374426
770,1,10,400,0.2743024944374426
771,1,11,400,0.3051763224882888
772,1,12,400,0.3051763224882888
773,1,13,400,0.3051763224882888
774,1,14,400,0.3051763224882888
775,1,15,400,0.3051763224882888
776,1,16,400,0.3051763224882888
777,1,17,400,0.3051763224882888
778,1,18,400,0.3051763224882888
779,1,19,400,0.3051763224882888
780,1,5,430,0.20003246753246753
781,1,6,430,0.20003246753246753
782,1,7,430,0.20003246753246753
783,1,8,430,0.20003246753246753
784,1,9,430,0.20003246753246753
785,1,10,430,0.20003246753246753
786,1,11,430,0.23155410149539132
787,1,12,430,0.23155410149539132
788,1,13,430,0.23155410149539132
789,1,14,430,0.23155410149539132
790,1,15,430,0.23155410149539132
791,1,16,430,0.23155410149539132
792,1,17,430,0.23155410149539132
793,1,18,430,0.23155410149539132
794,1,19,430,0.23155410149539132
795,1,5,460,0.1838970328401111
796,1,6,460,0.1838970328401111
797,1,7,460,0.1838970328401111
798,1,8,460,0.1838970328401111
799,1,9,460,0.1838970328401111
800,1,10,460,0.1838970328401111
801,1,11,460,0.22733336647774355
802,1,12,460,0.22733336647774355
803,1,13,460,0.22733336647774355
804,1,14,460,0.22733336647774355
805,1,15,460,0.22733336647774355
806,1,16,460,0.22733336647774355
807,1,17,460,0.22733336647774355
808,1,18,460,0.22733336647774355
809,1,19,460,0.22733336647774355
810,1,5,490,0.15863087654478278
811,1,6,490,0.15863087654478278
812,1,7,490,0.15863087654478278
813,1,8,490,0.15863087654478278
814,1,9,490,0.15863087654478278
815,1,10,490,0.15863087654478278
816,1,11,490,0.22609559985090258
817,1,12,490,0.22609559985090258
818,1,13,490,0.22609559985090258
819,1,14,490,0.22609559985090258
820,1,15,490,0.22609559985090258
821,1,16,490,0.22609559985090258
822,1,17,490,0.22609559985090258
823,1,18,490,0.22609559985090258
824,1,19,490,0.22609559985090258
825,1,5,520,0.08758405391855362
826,1,6,520,0.08758405391855362
827,1,7,520,0.08758405391855362
828,1,8,520,0.08758405391855362
829,1,9,520,0.08758405391855362
830,1,10,520,0.08758405391855362
831,1,11,520,0.14066025668664395
832,1,12,520,0.14066025668664395
833,1,13,520,0.14066025668664395
834,1,14,520,0.14066025668664395
835,1,15,520,0.14066025668664395
836,1,16,520,0.14066025668664395
837,1,17,520,0.14066025668664395
838,1,18,520,0.14066025668664395
839,1,19,520,0.14066025668664395
840,1,5,550,0.14272656045965004
841,1,6,550,0.14272656045965004
842,1,7,550,0.14272656045965004
843,1,8,550,0.14272656045965004
844,1,9,550,0.14272656045965004
845,1,10,550,0.14272656045965004
846,1,11,550,0.20282468402055936
847,1,12,550,0.20282468402055936
848,1,13,550,0.20282468402055936
849,1,14,550,0.20282468402055936
850,1,15,550,0.20282468402055936
851,1,16,550,0.20282468402055936
852,1,17,550,0.20282468402055936
853,1,18,550,0.20282468402055936
854,1,19,550,0.20282468402055936
855,1,5,580,0.5622222222222222
856,1,6,580,0.5622222222222222
857,1,7,580,0.5622222222222222
858,1,8,580,0.5622222222222222
859,1,9,580,0.5622222222222222
860,1,10,580,0.5622222222222222
861,1,11,580,0.4517984614479768
862,1,12,580,0.4517984614479768
863,1,13,580,0.4517984614479768
864,1,14,580,0.4517984614479768
865,1,15,580,0.4517984614479768
866,1,16,580,0.4517984614479768
867,1,17,580,0.4517984614479768
868,1,18,580,0.4517984614479768
869,1,19,580,0.4517984614479768
870,1,5,610,0.3251783893985729
871,1,6,610,0.3251783893985729
872,1,7,610,0.3251783893985729
873,1,8,610,0.3251783893985729
874,1,9,610,0.3251783893985729
875,1,10,610,0.3251783893985729
876,1,11,610,0.28417912593444505
877,1,12,610,0.28417912593444505
878,1,13,610,0.28417912593444505
879,1,14,610,0.28417912593444505
880,1,15,610,0.28417912593444505
881,1,16,610,0.28417912593444505
882,1,17,610,0.28417912593444505
883,1,18,610,0.28417912593444505
884,1,19,610,0.28417912593444505
885,1,5,640,0.3548951048951049
886,1,6,640,0.3548951048951049
887,1,7,640,0.3548951048951049
888,1,8,640,0.3548951048951049
889,1,9,640,0.3548951048951049
890,1,10,640,0.3548951048951049
891,1,11,640,0.31542428307898707
892,1,12,640,0.31542428307898707
893,1,13,640,0.31542428307898707
894,1,14,640,0.31542428307898707
895,1,15,640,0.31542428307898707
896,1,16,640,0.31542428307898707
897,1,17,640,0.31542428307898707
898,1,18,640,0.31542428307898707
899,1,19,640,0.31542428307898707
900,1,5,670,0.3383084577114428
901,1,6,670,0.3383084577114428
902,1,7,670,0.3383084577114428
903,1,8,670,0.3383084577114428
904,1,9,670,0.3383084577114428
905,1,10,670,0.3383084577114428
906,1,11,670,0.33786271153182784
907,1,12,670,0.33786271153182784
908,1,13,670,0.33786271153182784
909,1,14,670,0.33786271153182784
910,1,15,670,0.33786271153182784
911,1,16,670,0.33786271153182784
912,1,17,670,0.33786271153182784
913,1,18,670,0.33786271153182784
914,1,19,670,0.33786271153182784
915,1,5,700,0.1711111111111111
916,1,6,700,0.1711111111111111
917,1,7,700,0.1711111111111111
918,1,8,700,0.1711111111111111
919,1,9,700,0.1711111111111111
920,1,10,700,0.1711111111111111
921,1,11,700,0.22247397497945393
922,1,12,700,0.22247397497945393
923,1,13,700,0.22247397497945393
924,1,14,700,0.22247397497945393
925,1,15,700,0.22247397497945393
926,1,16,700,0.22247397497945393
927,1,17,700,0.22247397497945393
928,1,18,700,0.22247397497945393
929,1,19,700,0.22247397497945393
930,1,5,730,0.2
931,1,6,730,0.2
932,1,7,730,0.2
933,1,8,730,0.2
934,1,9,730,0.2
935,1,10,730,0.2
936,1,11,730,0.23125379990542458
937,1,12,730,0.23125379990542458
938,1,13,730,0.23125379990542458
939,1,14,730,0.23125379990542458
940,1,15,730,0.23125379990542458
941,1,16,730,0.23125379990542458
942,1,17,730,0.23125379990542458
943,1,18,730,0.23125379990542458
944,1,19,730,0.23125379990542458
945,1,5,760,0.37333333333333335
946,1,6,760,0.37333333333333335
947,1,7,760,0.37333333333333335
948,1,8,760,0.37333333333333335
949,1,9,760,0.37333333333333335
950,1,10,760,0.37333333333333335
951,1,11,760,0.36312903476705294
952,1,12,760,0.36312903476705294
953,1,13,760,0.36312903476705294
954,1,14,760,0.36312903476705294
955,1,15,760,0.36312903476705294
956,1,16,760,0.36312903476705294
957,1,17,760,0.36312903476705294
958,1,18,760,0.36312903476705294
959,1,19,760,0.36312903476705294
960,1,5,790,0.2776280323450135
961,1,6,790,0.2776280323450135
962,1,7,790,0.2776280323450135
963,1,8,790,0.2776280323450135
964,1,9,790,0.2776280323450135
965,1,10,790,0.2776280323450135
966,1,11,790,0.31025410792852653
967,1,12,790,0.31025410792852653
968,1,13,790,0.31025410792852653
969,1,14,790,0.31025410792852653
970,1,15,790,0.31025410792852653
971,1,16,790,0.31025410792852653
972,1,17,790,0.31025410792852653
973,1,18,790,0.31025410792852653
974,1,19,790,0.31025410792852653
975,1,5,820,0.20702402957486138
976,1,6,820,0.20702402957486138
977,1,7,820,0.20702402957486138
978,1,8,820,0.20702402957486138
979,1,9,820,0.20702402957486138
980,1,10,820,0.20702402957486138
981,1,11,820,0.22948116924622972
982,1,12,820,0.22948116924622972
983,1,13,820,0.22948116924622972
984,1,14,820,0.22948116924622972
985,1,15,820,0.22948116924622972
986,1,16,820,0.22948116924622972
987,1,17,820,0.22948116924622972
988,1,18,820,0.22948116924622972
989,1,19,820,0.22948116924622972
990,1,5,850,0.22911051212938005
991,1,6,850,0.22911051212938005
992,1,7,850,0.22911051212938005
993,1,8,850,0.22911051212938005
994,1,9,850,0.22911051212938005
995,1,10,850,0.22911051212938005
996,1,11,850,0.28195837941879187
997,1,12,850,0.28195837941879187
998,1,13,850,0.28195837941879187
999,1,14,850,0.28195837941879187
1000,1,15,850,0.28195837941879187
1001,1,16,850,0.28195837941879187
1002,1,17,850,0.28195837941879187
1003,1,18,850,0.28195837941879187
1004,1,19,850,0.28195837941879187
1005,1,5,880,0.10351201478743069
1006,1,6,880,0.10351201478743069
1007,1,7,880,0.10351201478743069
1008,1,8,880,0.10351201478743069
1009,1,9,880,0.10351201478743069
1010,1,10,880,0.10351201478743069
1011,1,11,880,0.1389651888882785
1012,1,12,880,0.1389651888882785
1013,1,13,880,0.1389651888882785
1014,1,14,880,0.1389651888882785
1015,1,15,880,0.1389651888882785
1016,1,16,880,0.1389651888882785
1017,1,17,880,0.1389651888882785
1018,1,18,880,0.1389651888882785
1019,1,19,880,0.1389651888882785
1020,1,5,910,0.12217194570135746
1021,1,6,910,0.12217194570135746
1022,1,7,910,0.12217194570135746
1023,1,8,910,0.12217194570135746
1024,1,9,910,0.12217194570135746
1025,1,10,910,0.12217194570135746
1026,1,11,910,0.17628143903215537
1027,1,12,910,0.17628143903215537
1028,1,13,910,0.17628143903215537
1029,1,14,910,0.17628143903215537
1030,1,15,910,0.17628143903215537
1031,1,16,910,0.17628143903215537
1032,1,17,910,0.17628143903215537
1033,1,18,910,0.17628143903215537
1034,1,19,910,0.17628143903215537
1035,1,5,940,0.09580838323353294
1036,1,6,940,0.09580838323353294
1037,1,7,940,0.09580838323353294
1038,1,8,940,0.09580838323353294
1039,1,9,940,0.09580838323353294
1040,1,10,940,0.09580838323353294
1041,1,11,940,0.14926005497878247
1042,1,12,940,0.14926005497878247
1043,1,13,940,0.14926005497878247
1044,1,14,940,0.14926005497878247
1045,1,15,940,0.14926005497878247
1046,1,16,940,0.14926005497878247
1047,1,17,940,0.14926005497878247
1048,1,18,940,0.14926005497878247
1049,1,19,940,0.14926005497878247
1050,1,5,970,0.07013574660633484
1051,1,6,970,0.07013574660633484
1052,1,7,970,0.07013574660633484
1053,1,8,970,0.07013574660633484
1054,1,9,970,0.07013574660633484
1055,1,10,970,0.07013574660633484
1056,1,11,970,0.15601743907502635
1057,1,12,970,0.15601743907502635
1058,1,13,970,0.15601743907502635
1059,1,14,970,0.15601743907502635
1060,1,15,970,0.15601743907502635
1061,1,16,970,0.15601743907502635
1062,1,17,970,0.15601743907502635
1063,1,18,970,0.15601743907502635
1064,1,19,970,0.15601743907502635
1065,1,5,1000,0.06914893617021277
1066,1,6,1000,0.06914893617021277
1067,1,7,1000,0.06914893617021277
1068,1,8,1000,0.06914893617021277
1069,1,9,1000,0.06914893617021277
1070,1,10,1000,0.06914893617021277
1071,1,11,1000,0.12757282901279543
1072,1,12,1000,0.12757282901279543
1073,1,13,1000,0.12757282901279543
1074,1,14,1000,0.12757282901279543
1075,1,15,1000,0.12757282901279543
1076,1,16,1000,0.12757282901279543
1077,1,17,1000,0.12757282901279543
1078,1,18,1000,0.12757282901279543
1079,1,19,1000,0.12757282901279543
1080,1,5,1030,-0.31136363636363634
1081,1,6,1030,-0.31136363636363634
1082,1,7,1030,-0.31136363636363634
1083,1,8,1030,-0.31136363636363634
1084,1,9,1030,-0.31136363636363634
1085,1,10,1030,-0.31136363636363634
1086,1,11,1030,-0.2133079594017094
1087,1,12,1030,-0.2133079594017094
1088,1,13,1030,-0.2133079594017094
1089,1,14,1030,-0.2133079594017094
1090,1,15,1030,-0.2133079594017094
1091,1,16,1030,-0.2133079594017094
1092,1,17,1030,-0.2133079594017094
1093,1,18,1030,-0.2133079594017094
1094,1,19,1030,-0.2133079594017094
1095,1,5,1060,-0.0641399416909621
1096,1,6,1060,-0.0641399416909621
1097,1,7,1060,-0.0641399416909621
1098,1,8,1060,-0.0641399416909621
1099,1,9,1060,-0.0641399416909621
1100,1,10,1060,-0.0641399416909621
1101,1,11,1060,-0.006319888178913738
1102,1,12,1060,-0.006319888178913738
1103,1,13,1060,-0.006319888178913738
1104,1,14,1060,-0.006319888178913738
1105,1,15,1060,-0.006319888178913738
1106,1,16,1060,-0.006319888178913738
1107,1,17,1060,-0.006319888178913738
1108,1,18,1060,-0.006319888178913738
1109,1,19,1060,-0.006319888178913738
1110,1,5,1090,-0.01078167115902965
1111,1,6,1090,-0.01078167115902965
1112,1,7,1090,-0.01078167115902965
1113,1,8,1090,-0.01078167115902965
1114,1,9,1090,-0.01078167115902965
1115,1,10,1090,-0.01078167115902965
1116,1,11,1090,0.034320076868643815
1117,1,12,1090,0.034320076868643815
1118,1,13,1090,0.034320076868643815
1119,1,14,1090,0.034320076868643815
1120,1,15,1090,0.034320076868643815
1121,1,16,1090,0.034320076868643815
1122,1,17,1090,0.034320076868643815
1123,1,18,1090,0.034320076868643815
1124,1,19,1090,0.034320076868643815
1125,1,5,1120,0.011627906976744186
1126,1,6,1120,0.011627906976744186
1127,1,7,1120,0.011627906976744186
1128,1,8,1120,0.011627906976744186
1129,1,9,1120,0.011627906976744186
1130,1,10,1120,0.011627906976744186
1131,1,11,1120,0.09668051041290478
1132,1,12,1120,0.09668051041290478
1133,1,13,1120,0.09668051041290478
1134,1,14,1120,0.09668051041290478
1135,1,15,1120,0.09668051041290478
1136,1,16,1120,0.09668051041290478
1137,1,17,1120,0.09668051041290478
1138,1,18,1120,0.09668051041290478
1139,1,19,1120,0.09668051041290478
1140,2,5,10,1.3153692614770458
1141,2,6,10,1.3153692614770458
1142,2,7,10,1.3153692614770458
1143,2,8,10,1.3153692614770458
1144,2,9,10,1.3153692614770458
1145,2,10,10,1.3153692614770458
1146,2,11,10,1.277629851742259
1147,2,12,10,1.277629851742259
1148,2,13,10,1.277629851742259
1149,2,14,10,1.277629851742259
1150,2,15,10,1.277629851742259
1151,2,16,10,1.277629851742259
1152,2,17,10,1.277629851742259
1153,2,18,10,1.277629851742259
1154,2,19,10,1.277629851742259
1155,2,5,40,1.3113772455089818
1156,2,6,40,1.3113772455089818
1157,2,7,40,1.3113772455089818
1158,2,8,40,1.3113772455089818
1159,2,9,40,1.3113772455089818
1160,2,10,40,1.3113772455089818
1161,2,11,40,1.2847151777019676
1162,2,12,40,1.2847151777019676
1163,2,13,40,1.2847151777019676
1164,2,14,40,1.2847151777019676
1165,2,15,40,1.2847151777019676
1166,2,16,40,1.2847151777019676
1167,2,17,40,1.2847151777019676
1168,2,18,40,1.2847151777019676
1169,2,19,40,1.2847151777019676
1170,2,5,70,1.3544299436563085
1171,2,6,70,1.3544299436563085
1172,2,7,70,1.3544299436563085
1173,2,8,70,1.3544299436563085
1174,2,9,70,1.3544299436563085
1175,2,10,70,1.3544299436563085
1176,2,11,70,1.298082820076886
1177,2,12,70,1.298082820076886
1178,2,13,70,1.298082820076886
1179,2,14,70,1.298082820076886
1180,2,15,70,1.298082820076886
1181,2,16,70,1.298082820076886
1182,2,17,70,1.298082820076886
1183,2,18,70,1.298082820076886
1184,2,19,70,1.298082820076886
1185,2,5,100,1.4271457085828343
1186,2,6,100,1.4271457085828343
1187,2,7,100,1.4271457085828343
1188,2,8,100,1.4271457085828343
1189,2,9,100,1.4271457085828343
1190,2,10,100,1.4271457085828343
1191,2,11,100,1.2757848216686836
1192,2,12,100,1.2757848216686836
1193,2,13,100,1.2757848216686836
1194,2,14,100,1.2757848216686836
1195,2,15,100,1.2757848216686836
1196,2,16,100,1.2757848216686836
1197,2,17,100,1.2757848216686836
1198,2,18,100,1.2757848216686836
1199,2,19,100,1.2757848216686836
1200,2,5,130,1.289286956643108
1201,2,6,130,1.289286956643108
1202,2,7,130,1.289286956643108
1203,2,8,130,1.289286956643108
1204,2,9,130,1.289286956643108
1205,2,10,130,1.289286956643108
1206,2,11,130,1.3042318665559147
1207,2,12,130,1.3042318665559147
1208,2,13,130,1.3042318665559147
1209,2,14,130,1.3042318665559147
1210,2,15,130,1.3042318665559147
1211,2,16,130,1.3042318665559147
1212,2,17,130,1.3042318665559147
1213,2,18,130,1.3042318665559147
1214,2,19,130,1.3042318665559147
1215,2,5,160,1.307385229540918
1216,2,6,160,1.307385229540918
1217,2,7,160,1.307385229540918
1218,2,8,160,1.307385229540918
1219,2,9,160,1.307385229540918
1220,2,10,160,1.307385229540918
1221,2,11,160,1.49463764495116
1222,2,12,160,1.49463764495116
1223,2,13,160,1.49463764495116
1224,2,14,160,1.49463764495116
1225,2,15,160,1.49463764495116
1226,2,16,160,1.49463764495116
1227,2,17,160,1.49463764495116
1228,2,18,160,1.49463764495116
1229,2,19,160,1.49463764495116
1230,2,5,190,1.3685560588342254
1231,2,6,190,1.3685560588342254
1232,2,7,190,1.3685560588342254
1233,2,8,190,1.3685560588342254
1234,2,9,190,1.3685560588342254
1235,2,10,190,1.3685560588342254
1236,2,11,190,1.5813253541039174
1237,2,12,190,1.5813253541039174
1238,2,13,190,1.5813253541039174
1239,2,14,190,1.5813253541039174
1240,2,15,190,1.5813253541039174
1241,2,16,190,1.5813253541039174
1242,2,17,190,1.5813253541039174
1243,2,18,190,1.5813253541039174
1244,2,19,190,1.5813253541039174
1245,2,5,220,1.4855349763329573
1246,2,6,220,1.4855349763329573
1247,2,7,220,1.4855349763329573
1248,2,8,220,1.4855349763329573
1249,2,9,220,1.4855349763329573
1250,2,10,220,1.4855349763329573
1251,2,11,220,1.479657248926205
1252,2,12,220,1.479657248926205
1253,2,13,220,1.479657248926205
1254,2,14,220,1.479657248926205
1255,2,15,220,1.479657248926205
1256,2,16,220,1.479657248926205
1257,2,17,220,1.479657248926205
1258,2,18,220,1.479657248926205
1259,2,19,220,1.479657248926205
1260,2,5,250,1.4144966418202856
1261,2,6,250,1.4144966418202856
1262,2,7,250,1.4144966418202856
1263,2,8,250,1.4144966418202856
1264,2,9,250,1.4144966418202856
1265,2,10,250,1.4144966418202856
1266,2,11,250,1.4144966418202856
1267,2,12,250,1.4144966418202856
1268,2,13,250,1.4144966418202856
1269,2,14,250,1.4144966418202856
1270,2,15,250,1.4144966418202856
1271,2,16,250,1.4144966418202856
1272,2,17,250,1.4144966418202856
1273,2,18,250,1.4144966418202856
1274,2,19,250,1.4144966418202856
1275,2,5,280,1.6912389184815817
1276,2,6,280,1.6912389184815817
1277,2,7,280,1.6912389184815817
1278,2,8,280,1.6912389184815817
1279,2,9,280,1.6912389184815817
1280,2,10,280,1.6912389184815817
1281,2,11,280,1.7036568569581472
1282,2,12,280,1.7036568569581472
1283,2,13,280,1.7036568569581472
1284,2,14,280,1.7036568569581472
1285,2,15,280,1.7036568569581472
1286,2,16,280,1.7036568569581472
1287,2,17,280,1.7036568569581472
1288,2,18,280,1.7036568569581472
1289,2,19,280,1.7036568569581472
1290,2,5,310,1.4951684897238435
1291,2,6,310,1.4951684897238435
1292,2,7,310,1.4951684897238435
1293,2,8,310,1.4951684897238435
1294,2,9,310,1.4951684897238435
1295,2,10,310,1.4951684897238435
1296,2,11,310,1.54769681416388
1297,2,12,310,1.54769681416388
1298,2,13,310,1.54769681416388
1299,2,14,310,1.54769681416388
1300,2,15,310,1.54769681416388
1301,2,16,310,1.54769681416388
1302,2,17,310,1.54769681416388
1303,2,18,310,1.54769681416388
1304,2,19,310,1.54769681416388
1305,2,5,340,1.0119760479041917
1306,2,6,340,1.0119760479041917
1307,2,7,340,1.0119760479041917
1308,2,8,340,1.0119760479041917
1309,2,9,340,1.0119760479041917
1310,2,10,340,1.0119760479041917
1311,2,11,340,1.2956288647554632
1312,2,12,340,1.2956288647554632
1313,2,13,340,1.2956288647554632
1314,2,14,340,1.2956288647554632
1315,2,15,340,1.2956288647554632
1316,2,16,340,1.2956288647554632
1317,2,17,340,1.2956288647554632
1318,2,18,340,1.2956288647554632
1319,2,19,340,1.2956288647554632
1320,2,5,370,1.3346272689856737
1321,2,6,370,1.3346272689856737
1322,2,7,370,1.3346272689856737
1323,2,8,370,1.3346272689856737
1324,2,9,370,1.3346272689856737
1325,2,10,370,1.3346272689856737
1326,2,11,370,1.387820924395272
1327,2,12,370,1.387820924395272
1328,2,13,370,1.387820924395272
1329,2,14,370,1.387820924395272
1330,2,15,370,1.387820924395272
1331,2,16,370,1.387820924395272
1332,2,17,370,1.387820924395272
1333,2,18,370,1.387820924395272
1334,2,19,370,1.387820924395272
1335,2,5,400,1.5950455735335967
1336,2,6,400,1.5950455735335967
1337,2,7,400,1.5950455735335967
1338,2,8,400,1.5950455735335967
1339,2,9,400,1.5950455735335967
1340,2,10,400,1.5950455735335967
1341,2,11,400,1.4006490341686058
1342,2,12,400,1.4006490341686058
1343,2,13,400,1.4006490341686058
1344,2,14,400,1.4006490341686058
1345,2,15,400,1.4006490341686058
1346,2,16,400,1.4006490341686058
1347,2,17,400,1.4006490341686058
1348,2,18,400,1.4006490341686058
1349,2,19,400,1.4006490341686058
1350,2,5,430,1.7536579280008764
1351,2,6,430,1.7536579280008764
1352,2,7,430,1.7536579280008764
1353,2,8,430,1.7536579280008764
1354,2,9,430,1.7536579280008764
1355,2,10,430,1.7536579280008764
1356,2,11,430,1.536555491891616
1357,2,12,430,1.536555491891616
1358,2,13,430,1.536555491891616
1359,2,14,430,1.536555491891616
1360,2,15,430,1.536555491891616
1361,2,16,430,1.536555491891616
1362,2,17,430,1.536555491891616
1363,2,18,430,1.536555491891616
1364,2,19,430,1.536555491891616
1365,2,5,460,1.586217626619829
1366,2,6,460,1.586217626619829
1367,2,7,460,1.586217626619829
1368,2,8,460,1.586217626619829
1369,2,9,460,1.586217626619829
1370,2,10,460,1.586217626619829
1371,2,11,460,1.6802319702042485
1372,2,12,460,1.6802319702042485
1373,2,13,460,1.6802319702042485
1374,2,14,460,1.6802319702042485
1375,2,15,460,1.6802319702042485
1376,2,16,460,1.6802319702042485
1377,2,17,460,1.6802319702042485
1378,2,18,460,1.6802319702042485
1379,2,19,460,1.6802319702042485
1380,2,5,490,1.4138138897163979
1381,2,6,490,1.4138138897163979
1382,2,7,490,1.4138138897163979
1383,2,8,490,1.4138138897163979
1384,2,9,490,1.4138138897163979
1385,2,10,490,1.4138138897163979
1386,2,11,490,1.479051243307777
1387,2,12,490,1.479051243307777
1388,2,13,490,1.479051243307777
1389,2,14,490,1.479051243307777
1390,2,15,490,1.479051243307777
1391,2,16,490,1.479051243307777
1392,2,17,490,1.479051243307777
1393,2,18,490,1.479051243307777
1394,2,19,490,1.479051243307777
1395,2,5,520,1.1621560574002112
1396,2,6,520,1.1621560574002112
1397,2,7,520,1.1621560574002112
1398,2,8,520,1.1621560574002112
1399,2,9,520,1.1621560574002112
1400,2,10,520,1.1621560574002112
1401,2,11,520,1.4636634739886965
1402,2,12,520,1.4636634739886965
1403,2,13,520,1.4636634739886965
1404,2,14,520,1.4636634739886965
1405,2,15,520,1.4636634739886965
1406,2,16,520,1.4636634739886965
1407,2,17,520,1.4636634739886965
1408,2,18,520,1.4636634739886965
1409,2,19,520,1.4636634739886965
1410,2,5,550,2.0254633111578872
1411,2,6,550,2.0254633111578872
1412,2,7,550,2.0254633111578872
1413,2,8,550,2.0254633111578872
1414,2,9,550,2.0254633111578872
1415,2,10,550,2.0254633111578872
1416,2,11,550,1.838153863451106
1417,2,12,550,1.838153863451106
1418,2,13,550,1.838153863451106
1419,2,14,550,1.838153863451106
1420,2,15,550,1.838153863451106
1421,2,16,550,1.838153863451106
1422,2,17,550,1.838153863451106
1423,2,18,550,1.838153863451106
1424,2,19,550,1.838153863451106
1425,2,5,580,3.3579636104796866
1426,2,6,580,3.3579636104796866
1427,2,7,580,3.3579636104796866
1428,2,8,580,3.3579636104796866
1429,2,9,580,3.3579636104796866
1430,2,10,580,3.3579636104796866
1431,2,11,580,2.75275005720119
1432,2,12,580,2.75275005720119
1433,2,13,580,2.75275005720119
1434,2,14,580,2.75275005720119
1435,2,15,580,2.75275005720119
1436,2,16,580,2.75275005720119
1437,2,17,580,2.75275005720119
1438,2,18,580,2.75275005720119
1439,2,19,580,2.75275005720119
1440,2,5,610,2.775981524249423
1441,2,6,610,2.775981524249423
1442,2,7,610,2.775981524249423
1443,2,8,610,2.775981524249423
1444,2,9,610,2.775981524249423
1445,2,10,610,2.775981524249423
1446,2,11,610,2.4870131701401617
1447,2,12,610,2.4870131701401617
1448,2,13,610,2.4870131701401617
1449,2,14,610,2.4870131701401617
1450,2,15,610,2.4870131701401617
1451,2,16,610,2.4870131701401617
1452,2,17,610,2.4870131701401617
1453,2,18,610,2.4870131701401617
1454,2,19,610,2.4870131701401617
1455,2,5,640,2.7159380490253264
1456,2,6,640,2.7159380490253264
1457,2,7,640,2.7159380490253264
1458,2,8,640,2.7159380490253264
1459,2,9,640,2.7159380490253264
1460,2,10,640,2.7159380490253264
1461,2,11,640,2.64838818618931
1462,2,12,640,2.64838818618931
1463,2,13,640,2.64838818618931
1464,2,14,640,2.64838818618931
1465,2,15,640,2.64838818618931
1466,2,16,640,2.64838818618931
1467,2,17,640,2.64838818618931
1468,2,18,640,2.64838818618931
1469,2,19,640,2.64838818618931
1470,2,5,670,2.725681995890366
1471,2,6,670,2.725681995890366
1472,2,7,670,2.725681995890366
1473,2,8,670,2.725681995890366
1474,2,9,670,2.725681995890366
1475,2,10,670,2.725681995890366
1476,2,11,670,2.524252133091183
1477,2,12,670,2.524252133091183
1478,2,13,670,2.524252133091183
1479,2,14,670,2.524252133091183
1480,2,15,670,2.524252133091183
1481,2,16,670,2.524252133091183
1482,2,17,670,2.524252133091183
1483,2,18,670,2.524252133091183
1484,2,19,670,2.524252133091183
1485,2,5,700,1.9280223456281465
1486,2,6,700,1.9280223456281465
1487,2,7,700,1.9280223456281465
1488,2,8,700,1.9280223456281465
1489,2,9,700,1.9280223456281465
1490,2,10,700,1.9280223456281465
1491,2,11,700,2.0768080065871604
1492,2,12,700,2.0768080065871604
1493,2,13,700,2.0768080065871604
1494,2,14,700,2.0768080065871604
1495,2,15,700,2.0768080065871604
1496,2,16,700,2.0768080065871604
1497,2,17,700,2.0768080065871604
1498,2,18,700,2.0768080065871604
1499,2,19,700,2.0768080065871604
1500,2,5,730,1.4027228976516988
1501,2,6,730,1.4027228976516988
1502,2,7,730,1.4027228976516988
1503,2,8,730,1.4027228976516988
1504,2,9,730,1.4027228976516988
1505,2,10,730,1.4027228976516988
1506,2,11,730,1.686063026003275
1507,2,12,730,1.686063026003275
1508,2,13,730,1.686063026003275
1509,2,14,730,1.686063026003275
1510,2,15,730,1.686063026003275
1511,2,16,730,1.686063026003275
1512,2,17,730,1.686063026003275
1513,2,18,730,1.686063026003275
1514,2,19,730,1.686063026003275
1515,2,5,760,2.3852038525602417
1516,2,6,760,2.3852038525602417
1517,2,7,760,2.3852038525602417
1518,2,8,760,2.3852038525602417
1519,2,9,760,2.3852038525602417
1520,2,10,760,2.3852038525602417
1521,2,11,760,2.2790135357788017
1522,2,12,760,2.2790135357788017
1523,2,13,760,2.2790135357788017
1524,2,14,760,2.2790135357788017
1525,2,15,760,2.2790135357788017
1526,2,16,760,2.2790135357788017
1527,2,17,760,2.2790135357788017
1528,2,18,760,2.2790135357788017
1529,2,19,760,2.2790135357788017
1530,2,5,790,2.348729792147806
1531,2,6,790,2.348729792147806
1532,2,7,790,2.348729792147806
1533,2,8,790,2.348729792147806
1534,2,9,790,2.348729792147806
1535,2,10,790,2.348729792147806
1536,2,11,790,2.394923778309432
1537,2,12,790,2.394923778309432
1538,2,13,790,2.394923778309432
1539,2,14,790,2.394923778309432
1540,2,15,790,2.394923778309432
1541,2,16,790,2.394923778309432
1542,2,17,790,2.394923778309432
1543,2,18,790,2.394923778309432
1544,2,19,790,2.394923778309432
1545,2,5,820,1.7367205542725173
1546,2,6,820,1.7367205542725173
1547,2,7,820,1.7367205542725173
1548,2,8,820,1.7367205542725173
1549,2,9,820,1.7367205542725173
1550,2,10,820,1.7367205542725173
1551,2,11,820,2.0272501353429524
1552,2,12,820,2.0272501353429524
1553,2,13,820,2.0272501353429524
1554,2,14,820,2.0272501353429524
1555,2,15,820,2.0272501353429524
1556,2,16,820,2.0272501353429524
1557,2,17,820,2.0272501353429524
1558,2,18,820,2.0272501353429524
1559,2,19,820,2.0272501353429524
1560,2,5,850,2.071593533487298
1561,2,6,850,2.071593533487298
1562,2,7,850,2.071593533487298
1563,2,8,850,2.071593533487298
1564,2,9,850,2.071593533487298
1565,2,10,850,2.071593533487298
1566,2,11,850,2.0463508564534116
1567,2,12,850,2.0463508564534116
1568,2,13,850,2.0463508564534116
1569,2,14,850,2.0463508564534116
1570,2,15,850,2.0463508564534116
1571,2,16,850,2.0463508564534116
1572,2,17,850,2.0463508564534116
1573,2,18,850,2.0463508564534116
1574,2,19,850,2.0463508564534116
1575,2,5,880,1.5288683602771362
1576,2,6,880,1.5288683602771362
1577,2,7,880,1.5288683602771362
1578,2,8,880,1.5288683602771362
1579,2,9,880,1.5288683602771362
1580,2,10,880,1.5288683602771362
1581,2,11,880,1.5392180378987765
1582,2,12,880,1.5392180378987765
1583,2,13,880,1.5392180378987765
1584,2,14,880,1.5392180378987765
1585,2,15,880,1.5392180378987765
1586,2,16,880,1.5392180378987765
1587,2,17,880,1.5392180378987765
1588,2,18,880,1.5392180378987765
1589,2,19,880,1.5392180378987765
1590,2,5,910,1.5868263473053892
1591,2,6,910,1.5868263473053892
1592,2,7,910,1.5868263473053892
1593,2,8,910,1.5868263473053892
1594,2,9,910,1.5868263473053892
1595,2,10,910,1.5868263473053892
1596,2,11,910,1.8362451490442189
1597,2,12,910,1.8362451490442189
1598,2,13,910,1.8362451490442189
1599,2,14,910,1.8362451490442189
1600,2,15,910,1.8362451490442189
1601,2,16,910,1.8362451490442189
1602,2,17,910,1.8362451490442189
1603,2,18,910,1.8362451490442189
1604,2,19,910,1.8362451490442189
1605,2,5,940,1.6427145708582835
1606,2,6,940,1.6427145708582835
1607,2,7,940,1.6427145708582835
1608,2,8,940,1.6427145708582835
1609,2,9,940,1.6427145708582835
1610,2,10,940,1.6427145708582835
1611,2,11,940,1.7976342306941047
1612,2,12,940,1.7976342306941047
1613,2,13,940,1.7976342306941047
1614,2,14,940,1.7976342306941047
1615,2,15,940,1.7976342306941047
1616,2,16,940,1.7976342306941047
1617,2,17,940,1.7976342306941047
1618,2,18,940,1.7976342306941047
1619,2,19,940,1.7976342306941047
1620,2,5,970,1.3912175648702594
1621,2,6,970,1.3912175648702594
1622,2,7,970,1.3912175648702594
1623,2,8,970,1.3912175648702594
1624,2,9,970,1.3912175648702594
1625,2,10,970,1.3912175648702594
1626,2,11,970,1.77770950169046
1627,2,12,970,1.77770950169046
1628,2,13,970,1.77770950169046
1629,2,14,970,1.77770950169046
1630,2,15,970,1.77770950169046
1631,2,16,970,1.77770950169046
1632,2,17,970,1.77770950169046
1633,2,18,970,1.77770950169046
1634,2,19,970,1.77770950169046
1635,2,5,1000,1.4271457085828343
1636,2,6,1000,1.4271457085828343
1637,2,7,1000,1.4271457085828343
1638,2,8,1000,1.4271457085828343
1639,2,9,1000,1.4271457085828343
1640,2,10,1000,1.4271457085828343
1641,2,11,1000,1.852467883414679
1642,2,12,1000,1.852467883414679
1643,2,13,1000,1.852467883414679
1644,2,14,1000,1.852467883414679
1645,2,15,1000,1.852467883414679
1646,2,16,1000,1.852467883414679
1647,2,17,1000,1.852467883414679
1648,2,18,1000,1.852467883414679
1649,2,19,1000,1.852467883414679
1650,2,5,1030,0.994211997841762
1651,2,6,1030,0.994211997841762
1652,2,7,1030,0.994211997841762
1653,2,8,1030,0.994211997841762
1654,2,9,1030,0.994211997841762
1655,2,10,1030,0.994211997841762
1656,2,11,1030,0.9940499434795899
1657,2,12,1030,0.9940499434795899
1658,2,13,1030,0.9940499434795899
1659,2,14,1030,0.9940499434795899
1660,2,15,1030,0.9940499434795899
1661,2,16,1030,0.9940499434795899
1662,2,17,1030,0.9940499434795899
1663,2,18,1030,0.9940499434795899
1664,2,19,1030,0.9940499434795899
1665,2,5,1060,1.6493158170647961
1666,2,6,1060,1.6493158170647961
1667,2,7,1060,1.6493158170647961
1668,2,8,1060,1.6493158170647961
1669,2,9,1060,1.6493158170647961
1670,2,10,1060,1.6493158170647961
1671,2,11,1060,1.7437275457728785
1672,2,12,1060,1.7437275457728785
1673,2,13,1060,1.7437275457728785
1674,2,14,1060,1.7437275457728785
1675,2,15,1060,1.7437275457728785
1676,2,16,1060,1.7437275457728785
1677,2,17,1060,1.7437275457728785
1678,2,18,1060,1.7437275457728785
1679,2,19,1060,1.7437275457728785
1680,2,5,1090,1.4942263279445727
1681,2,6,1090,1.4942263279445727
1682,2,7,1090,1.4942263279445727
1683,2,8,1090,1.4942263279445727
1684,2,9,1090,1.4942263279445727
1685,2,10,1090,1.4942263279445727
1686,2,11,1090,1.8614950599089992
1687,2,12,1090,1.8614950599089992
1688,2,13,1090,1.8614950599089992
1689,2,14,1090,1.8614950599089992
1690,2,15,1090,1.8614950599089992
1691,2,16,1090,1.8614950599089992
1692,2,17,1090,1.8614950599089992
1693,2,18,1090,1.8614950599089992
1694,2,19,1090,1.8614950599089992
1695,2,5,1120,1.4826789838337182
1696,2,6,1120,1.4826789838337182
1697,2,7,1120,1.4826789838337182
1698,2,8,1120,1.4826789838337182
1699,2,9,1120,1.4826789838337182
1700,2,10,1120,1.4826789838337182
1701,2,11,1120,1.883463109188851
1702,2,12,1120,1.883463109188851
1703,2,13,1120,1.883463109188851
1704,2,14,1120,1.883463109188851
1705,2,15,1120,1.883463109188851
1706,2,16,1120,1.883463109188851
1707,2,17,1120,1.883463109188851
1708,2,18,1120,1.883463109188851
1709,2,19,1120,1.883463109188851
