,클러스터,PER_기준,투자기간,결과
0,0,0.5,10,-0.2273611378775734
1,0,0.6000000000000001,10,-0.2273611378775734
2,0,0.7000000000000001,10,-0.2273611378775734
3,0,0.8,10,-0.2273611378775734
4,0,0.9,10,-0.2273611378775734
5,0,1.0,10,-0.2273611378775734
6,0,1.1,10,-0.2305690759630344
7,0,1.2000000000000002,10,-0.2305690759630344
8,0,1.3,10,-0.2305690759630344
9,0,1.4000000000000001,10,-0.2305690759630344
10,0,1.5,10,-0.2305690759630344
11,0,1.6,10,-0.2305690759630344
12,0,1.7000000000000002,10,-0.2305690759630344
13,0,1.8,10,-0.2305690759630344
14,0,1.9000000000000001,10,-0.2305690759630344
15,0,0.5,40,-0.22911175474346562
16,0,0.6000000000000001,40,-0.22911175474346562
17,0,0.7000000000000001,40,-0.22911175474346562
18,0,0.8,40,-0.22911175474346562
19,0,0.9,40,-0.22911175474346562
20,0,1.0,40,-0.22911175474346562
21,0,1.1,40,-0.2326917206724899
22,0,1.2000000000000002,40,-0.2326917206724899
23,0,1.3,40,-0.2326917206724899
24,0,1.4000000000000001,40,-0.2326917206724899
25,0,1.5,40,-0.2326917206724899
26,0,1.6,40,-0.2326917206724899
27,0,1.7000000000000002,40,-0.2326917206724899
28,0,1.8,40,-0.2326917206724899
29,0,1.9000000000000001,40,-0.2326917206724899
30,0,0.5,70,-0.23538974561887605
31,0,0.6000000000000001,70,-0.23538974561887605
32,0,0.7000000000000001,70,-0.23538974561887605
33,0,0.8,70,-0.23538974561887605
34,0,0.9,70,-0.23538974561887605
35,0,1.0,70,-0.23538974561887605
36,0,1.1,70,-0.2388214931747641
37,0,1.2000000000000002,70,-0.2388214931747641
38,0,1.3,70,-0.2388214931747641
39,0,1.4000000000000001,70,-0.2388214931747641
40,0,1.5,70,-0.2388214931747641
41,0,1.6,70,-0.2388214931747641
42,0,1.7000000000000002,70,-0.2388214931747641
43,0,1.8,70,-0.2388214931747641
44,0,1.9000000000000001,70,-0.2388214931747641
45,0,0.5,100,-0.23333462040005856
46,0,0.6000000000000001,100,-0.23333462040005856
47,0,0.7000000000000001,100,-0.23333462040005856
48,0,0.8,100,-0.23333462040005856
49,0,0.9,100,-0.23333462040005856
50,0,1.0,100,-0.23333462040005856
51,0,1.1,100,-0.2349968994035338
52,0,1.2000000000000002,100,-0.2349968994035338
53,0,1.3,100,-0.2349968994035338
54,0,1.4000000000000001,100,-0.2349968994035338
55,0,1.5,100,-0.2349968994035338
56,0,1.6,100,-0.2349968994035338
57,0,1.7000000000000002,100,-0.2349968994035338
58,0,1.8,100,-0.2349968994035338
59,0,1.9000000000000001,100,-0.2349968994035338
60,0,0.5,130,-0.23315293321764197
61,0,0.6000000000000001,130,-0.23315293321764197
62,0,0.7000000000000001,130,-0.23315293321764197
63,0,0.8,130,-0.23315293321764197
64,0,0.9,130,-0.23315293321764197
65,0,1.0,130,-0.23315293321764197
66,0,1.1,130,-0.23623775834071292
67,0,1.2000000000000002,130,-0.23623775834071292
68,0,1.3,130,-0.23623775834071292
69,0,1.4000000000000001,130,-0.23623775834071292
70,0,1.5,130,-0.23623775834071292
71,0,1.6,130,-0.23623775834071292
72,0,1.7000000000000002,130,-0.23623775834071292
73,0,1.8,130,-0.23623775834071292
74,0,1.9000000000000001,130,-0.23623775834071292
75,0,0.5,160,-0.2569906790945406
76,0,0.6000000000000001,160,-0.2569906790945406
77,0,0.7000000000000001,160,-0.2569906790945406
78,0,0.8,160,-0.2569906790945406
79,0,0.9,160,-0.2569906790945406
80,0,1.0,160,-0.2569906790945406
81,0,1.1,160,-0.262003302085411
82,0,1.2000000000000002,160,-0.262003302085411
83,0,1.3,160,-0.262003302085411
84,0,1.4000000000000001,160,-0.262003302085411
85,0,1.5,160,-0.262003302085411
86,0,1.6,160,-0.262003302085411
87,0,1.7000000000000002,160,-0.262003302085411
88,0,1.8,160,-0.262003302085411
89,0,1.9000000000000001,160,-0.262003302085411
90,0,0.5,190,-0.2173797342136834
91,0,0.6000000000000001,190,-0.2173797342136834
92,0,0.7000000000000001,190,-0.2173797342136834
93,0,0.8,190,-0.2173797342136834
94,0,0.9,190,-0.2173797342136834
95,0,1.0,190,-0.2173797342136834
96,0,1.1,190,-0.21972849321418964
97,0,1.2000000000000002,190,-0.21972849321418964
98,0,1.3,190,-0.21972849321418964
99,0,1.4000000000000001,190,-0.21972849321418964
100,0,1.5,190,-0.21972849321418964
101,0,1.6,190,-0.21972849321418964
102,0,1.7000000000000002,190,-0.21972849321418964
103,0,1.8,190,-0.21972849321418964
104,0,1.9000000000000001,190,-0.21972849321418964
105,0,0.5,220,-0.2687074829931973
106,0,0.6000000000000001,220,-0.2687074829931973
107,0,0.7000000000000001,220,-0.2687074829931973
108,0,0.8,220,-0.2687074829931973
109,0,0.9,220,-0.2687074829931973
110,0,1.0,220,-0.2687074829931973
111,0,1.1,220,-0.28158212925457954
112,0,1.2000000000000002,220,-0.28158212925457954
113,0,1.3,220,-0.28158212925457954
114,0,1.4000000000000001,220,-0.28158212925457954
115,0,1.5,220,-0.28158212925457954
116,0,1.6,220,-0.28158212925457954
117,0,1.7000000000000002,220,-0.28158212925457954
118,0,1.8,220,-0.28158212925457954
119,0,1.9000000000000001,220,-0.28158212925457954
120,0,0.5,250,-0.2481586592701276
121,0,0.6000000000000001,250,-0.2481586592701276
122,0,0.7000000000000001,250,-0.2481586592701276
123,0,0.8,250,-0.2481586592701276
124,0,0.9,250,-0.2481586592701276
125,0,1.0,250,-0.2481586592701276
126,0,1.1,250,-0.25369280188061455
127,0,1.2000000000000002,250,-0.25369280188061455
128,0,1.3,250,-0.25369280188061455
129,0,1.4000000000000001,250,-0.25369280188061455
130,0,1.5,250,-0.25369280188061455
131,0,1.6,250,-0.25369280188061455
132,0,1.7000000000000002,250,-0.25369280188061455
133,0,1.8,250,-0.25369280188061455
134,0,1.9000000000000001,250,-0.25369280188061455
135,0,0.5,280,-0.2418779444582197
136,0,0.6000000000000001,280,-0.2418779444582197
137,0,0.7000000000000001,280,-0.2418779444582197
138,0,0.8,280,-0.2418779444582197
139,0,0.9,280,-0.2418779444582197
140,0,1.0,280,-0.2418779444582197
141,0,1.1,280,-0.24933796034199102
142,0,1.2000000000000002,280,-0.24933796034199102
143,0,1.3,280,-0.24933796034199102
144,0,1.4000000000000001,280,-0.24933796034199102
145,0,1.5,280,-0.24933796034199102
146,0,1.6,280,-0.24933796034199102
147,0,1.7000000000000002,280,-0.24933796034199102
148,0,1.8,280,-0.24933796034199102
149,0,1.9000000000000001,280,-0.24933796034199102
150,0,0.5,310,-0.27089337175792505
151,0,0.6000000000000001,310,-0.27089337175792505
152,0,0.7000000000000001,310,-0.27089337175792505
153,0,0.8,310,-0.27089337175792505
154,0,0.9,310,-0.27089337175792505
155,0,1.0,310,-0.27089337175792505
156,0,1.1,310,-0.2765877309240993
157,0,1.2000000000000002,310,-0.2765877309240993
158,0,1.3,310,-0.2765877309240993
159,0,1.4000000000000001,310,-0.2765877309240993
160,0,1.5,310,-0.2765877309240993
161,0,1.6,310,-0.2765877309240993
162,0,1.7000000000000002,310,-0.2765877309240993
163,0,1.8,310,-0.2765877309240993
164,0,1.9000000000000001,310,-0.2765877309240993
165,0,0.5,340,-0.31794871794871793
166,0,0.6000000000000001,340,-0.31794871794871793
167,0,0.7000000000000001,340,-0.31794871794871793
168,0,0.8,340,-0.31794871794871793
169,0,0.9,340,-0.31794871794871793
170,0,1.0,340,-0.31794871794871793
171,0,1.1,340,-0.3266351859347708
172,0,1.2000000000000002,340,-0.3266351859347708
173,0,1.3,340,-0.3266351859347708
174,0,1.4000000000000001,340,-0.3266351859347708
175,0,1.5,340,-0.3266351859347708
176,0,1.6,340,-0.3266351859347708
177,0,1.7000000000000002,340,-0.3266351859347708
178,0,1.8,340,-0.3266351859347708
179,0,1.9000000000000001,340,-0.3266351859347708
180,0,0.5,370,-0.28741496598639454
181,0,0.6000000000000001,370,-0.28741496598639454
182,0,0.7000000000000001,370,-0.28741496598639454
183,0,0.8,370,-0.28741496598639454
184,0,0.9,370,-0.28741496598639454
185,0,1.0,370,-0.28741496598639454
186,0,1.1,370,-0.2895846985583224
187,0,1.2000000000000002,370,-0.2895846985583224
188,0,1.3,370,-0.2895846985583224
189,0,1.4000000000000001,370,-0.2895846985583224
190,0,1.5,370,-0.2895846985583224
191,0,1.6,370,-0.2895846985583224
192,0,1.7000000000000002,370,-0.2895846985583224
193,0,1.8,370,-0.2895846985583224
194,0,1.9000000000000001,370,-0.2895846985583224
195,0,0.5,400,-0.23517840593141798
196,0,0.6000000000000001,400,-0.23517840593141798
197,0,0.7000000000000001,400,-0.23517840593141798
198,0,0.8,400,-0.23517840593141798
199,0,0.9,400,-0.23517840593141798
200,0,1.0,400,-0.23517840593141798
201,0,1.1,400,-0.23818721427380968
202,0,1.2000000000000002,400,-0.23818721427380968
203,0,1.3,400,-0.23818721427380968
204,0,1.4000000000000001,400,-0.23818721427380968
205,0,1.5,400,-0.23818721427380968
206,0,1.6,400,-0.23818721427380968
207,0,1.7000000000000002,400,-0.23818721427380968
208,0,1.8,400,-0.23818721427380968
209,0,1.9000000000000001,400,-0.23818721427380968
210,0,0.5,430,-0.29575031081869096
211,0,0.6000000000000001,430,-0.29575031081869096
212,0,0.7000000000000001,430,-0.29575031081869096
213,0,0.8,430,-0.29575031081869096
214,0,0.9,430,-0.29575031081869096
215,0,1.0,430,-0.29575031081869096
216,0,1.1,430,-0.29778754192025836
217,0,1.2000000000000002,430,-0.29778754192025836
218,0,1.3,430,-0.29778754192025836
219,0,1.4000000000000001,430,-0.29778754192025836
220,0,1.5,430,-0.29778754192025836
221,0,1.6,430,-0.29778754192025836
222,0,1.7000000000000002,430,-0.29778754192025836
223,0,1.8,430,-0.29778754192025836
224,0,1.9000000000000001,430,-0.29778754192025836
225,0,0.5,460,-0.29975358679125236
226,0,0.6000000000000001,460,-0.29975358679125236
227,0,0.7000000000000001,460,-0.29975358679125236
228,0,0.8,460,-0.29975358679125236
229,0,0.9,460,-0.29975358679125236
230,0,1.0,460,-0.29975358679125236
231,0,1.1,460,-0.30135054564957275
232,0,1.2000000000000002,460,-0.30135054564957275
233,0,1.3,460,-0.30135054564957275
234,0,1.4000000000000001,460,-0.30135054564957275
235,0,1.5,460,-0.30135054564957275
236,0,1.6,460,-0.30135054564957275
237,0,1.7000000000000002,460,-0.30135054564957275
238,0,1.8,460,-0.30135054564957275
239,0,1.9000000000000001,460,-0.30135054564957275
240,0,0.5,490,-0.29518093916971516
241,0,0.6000000000000001,490,-0.29518093916971516
242,0,0.7000000000000001,490,-0.29518093916971516
243,0,0.8,490,-0.29518093916971516
244,0,0.9,490,-0.29518093916971516
245,0,1.0,490,-0.29518093916971516
246,0,1.1,490,-0.29812446622712907
247,0,1.2000000000000002,490,-0.29812446622712907
248,0,1.3,490,-0.29812446622712907
249,0,1.4000000000000001,490,-0.29812446622712907
250,0,1.5,490,-0.29812446622712907
251,0,1.6,490,-0.29812446622712907
252,0,1.7000000000000002,490,-0.29812446622712907
253,0,1.8,490,-0.29812446622712907
254,0,1.9000000000000001,490,-0.29812446622712907
255,0,0.5,520,-0.3257823158156865
256,0,0.6000000000000001,520,-0.3257823158156865
257,0,0.7000000000000001,520,-0.3257823158156865
258,0,0.8,520,-0.3257823158156865
259,0,0.9,520,-0.3257823158156865
260,0,1.0,520,-0.3257823158156865
261,0,1.1,520,-0.3300597541373973
262,0,1.2000000000000002,520,-0.3300597541373973
263,0,1.3,520,-0.3300597541373973
264,0,1.4000000000000001,520,-0.3300597541373973
265,0,1.5,520,-0.3300597541373973
266,0,1.6,520,-0.3300597541373973
267,0,1.7000000000000002,520,-0.3300597541373973
268,0,1.8,520,-0.3300597541373973
269,0,1.9000000000000001,520,-0.3300597541373973
270,0,0.5,550,-0.2917166115199008
271,0,0.6000000000000001,550,-0.2917166115199008
272,0,0.7000000000000001,550,-0.2917166115199008
273,0,0.8,550,-0.2917166115199008
274,0,0.9,550,-0.2917166115199008
275,0,1.0,550,-0.2917166115199008
276,0,1.1,550,-0.31669878960758613
277,0,1.2000000000000002,550,-0.31669878960758613
278,0,1.3,550,-0.31669878960758613
279,0,1.4000000000000001,550,-0.31669878960758613
280,0,1.5,550,-0.31669878960758613
281,0,1.6,550,-0.31669878960758613
282,0,1.7000000000000002,550,-0.31669878960758613
283,0,1.8,550,-0.31669878960758613
284,0,1.9000000000000001,550,-0.31669878960758613
285,0,0.5,580,-0.19909502262443438
286,0,0.6000000000000001,580,-0.19909502262443438
287,0,0.7000000000000001,580,-0.19909502262443438
288,0,0.8,580,-0.19909502262443438
289,0,0.9,580,-0.19909502262443438
290,0,1.0,580,-0.19909502262443438
291,0,1.1,580,-0.20477929144166257
292,0,1.2000000000000002,580,-0.20477929144166257
293,0,1.3,580,-0.20477929144166257
294,0,1.4000000000000001,580,-0.20477929144166257
295,0,1.5,580,-0.20477929144166257
296,0,1.6,580,-0.20477929144166257
297,0,1.7000000000000002,580,-0.20477929144166257
298,0,1.8,580,-0.20477929144166257
299,0,1.9000000000000001,580,-0.20477929144166257
300,0,0.5,610,-0.3080357142857143
301,0,0.6000000000000001,610,-0.3080357142857143
302,0,0.7000000000000001,610,-0.3080357142857143
303,0,0.8,610,-0.3080357142857143
304,0,0.9,610,-0.3080357142857143
305,0,1.0,610,-0.3080357142857143
306,0,1.1,610,-0.31638899116347574
307,0,1.2000000000000002,610,-0.31638899116347574
308,0,1.3,610,-0.31638899116347574
309,0,1.4000000000000001,610,-0.31638899116347574
310,0,1.5,610,-0.31638899116347574
311,0,1.6,610,-0.31638899116347574
312,0,1.7000000000000002,610,-0.31638899116347574
313,0,1.8,610,-0.31638899116347574
314,0,1.9000000000000001,610,-0.31638899116347574
315,0,0.5,640,-0.2639175257731959
316,0,0.6000000000000001,640,-0.2639175257731959
317,0,0.7000000000000001,640,-0.2639175257731959
318,0,0.8,640,-0.2639175257731959
319,0,0.9,640,-0.2639175257731959
320,0,1.0,640,-0.2639175257731959
321,0,1.1,640,-0.28786595779545354
322,0,1.2000000000000002,640,-0.28786595779545354
323,0,1.3,640,-0.28786595779545354
324,0,1.4000000000000001,640,-0.28786595779545354
325,0,1.5,640,-0.28786595779545354
326,0,1.6,640,-0.28786595779545354
327,0,1.7000000000000002,640,-0.28786595779545354
328,0,1.8,640,-0.28786595779545354
329,0,1.9000000000000001,640,-0.28786595779545354
330,0,0.5,670,-0.3030927835051546
331,0,0.6000000000000001,670,-0.3030927835051546
332,0,0.7000000000000001,670,-0.3030927835051546
333,0,0.8,670,-0.3030927835051546
334,0,0.9,670,-0.3030927835051546
335,0,1.0,670,-0.3030927835051546
336,0,1.1,670,-0.31138341881011106
337,0,1.2000000000000002,670,-0.31138341881011106
338,0,1.3,670,-0.31138341881011106
339,0,1.4000000000000001,670,-0.31138341881011106
340,0,1.5,670,-0.31138341881011106
341,0,1.6,670,-0.31138341881011106
342,0,1.7000000000000002,670,-0.31138341881011106
343,0,1.8,670,-0.31138341881011106
344,0,1.9000000000000001,670,-0.31138341881011106
345,0,0.5,700,-0.3963302752293578
346,0,0.6000000000000001,700,-0.3963302752293578
347,0,0.7000000000000001,700,-0.3963302752293578
348,0,0.8,700,-0.3963302752293578
349,0,0.9,700,-0.3963302752293578
350,0,1.0,700,-0.3963302752293578
351,0,1.1,700,-0.39381793507720375
352,0,1.2000000000000002,700,-0.39381793507720375
353,0,1.3,700,-0.39381793507720375
354,0,1.4000000000000001,700,-0.39381793507720375
355,0,1.5,700,-0.39381793507720375
356,0,1.6,700,-0.39381793507720375
357,0,1.7000000000000002,700,-0.39381793507720375
358,0,1.8,700,-0.39381793507720375
359,0,1.9000000000000001,700,-0.39381793507720375
360,0,0.5,730,-0.3782771535580524
361,0,0.6000000000000001,730,-0.3782771535580524
362,0,0.7000000000000001,730,-0.3782771535580524
363,0,0.8,730,-0.3782771535580524
364,0,0.9,730,-0.3782771535580524
365,0,1.0,730,-0.3782771535580524
366,0,1.1,730,-0.3761133666949926
367,0,1.2000000000000002,730,-0.3761133666949926
368,0,1.3,730,-0.3761133666949926
369,0,1.4000000000000001,730,-0.3761133666949926
370,0,1.5,730,-0.3761133666949926
371,0,1.6,730,-0.3761133666949926
372,0,1.7000000000000002,730,-0.3761133666949926
373,0,1.8,730,-0.3761133666949926
374,0,1.9000000000000001,730,-0.3761133666949926
375,0,0.5,760,-0.3033613445378151
376,0,0.6000000000000001,760,-0.3033613445378151
377,0,0.7000000000000001,760,-0.3033613445378151
378,0,0.8,760,-0.3033613445378151
379,0,0.9,760,-0.3033613445378151
380,0,1.0,760,-0.3033613445378151
381,0,1.1,760,-0.31233772355095885
382,0,1.2000000000000002,760,-0.31233772355095885
383,0,1.3,760,-0.31233772355095885
384,0,1.4000000000000001,760,-0.31233772355095885
385,0,1.5,760,-0.31233772355095885
386,0,1.6,760,-0.31233772355095885
387,0,1.7000000000000002,760,-0.31233772355095885
388,0,1.8,760,-0.31233772355095885
389,0,1.9000000000000001,760,-0.31233772355095885
390,0,0.5,790,-0.3370044052863436
391,0,0.6000000000000001,790,-0.3370044052863436
392,0,0.7000000000000001,790,-0.3370044052863436
393,0,0.8,790,-0.3370044052863436
394,0,0.9,790,-0.3370044052863436
395,0,1.0,790,-0.3370044052863436
396,0,1.1,790,-0.334318529173784
397,0,1.2000000000000002,790,-0.334318529173784
398,0,1.3,790,-0.334318529173784
399,0,1.4000000000000001,790,-0.334318529173784
400,0,1.5,790,-0.334318529173784
401,0,1.6,790,-0.334318529173784
402,0,1.7000000000000002,790,-0.334318529173784
403,0,1.8,790,-0.334318529173784
404,0,1.9000000000000001,790,-0.334318529173784
405,0,0.5,820,-0.35935935935935936
406,0,0.6000000000000001,820,-0.35935935935935936
407,0,0.7000000000000001,820,-0.35935935935935936
408,0,0.8,820,-0.35935935935935936
409,0,0.9,820,-0.35935935935935936
410,0,1.0,820,-0.35935935935935936
411,0,1.1,820,-0.35115403865403866
412,0,1.2000000000000002,820,-0.35115403865403866
413,0,1.3,820,-0.35115403865403866
414,0,1.4000000000000001,820,-0.35115403865403866
415,0,1.5,820,-0.35115403865403866
416,0,1.6,820,-0.35115403865403866
417,0,1.7000000000000002,820,-0.35115403865403866
418,0,1.8,820,-0.35115403865403866
419,0,1.9000000000000001,820,-0.35115403865403866
420,0,0.5,850,-0.31803628601921025
421,0,0.6000000000000001,850,-0.31803628601921025
422,0,0.7000000000000001,850,-0.31803628601921025
423,0,0.8,850,-0.31803628601921025
424,0,0.9,850,-0.31803628601921025
425,0,1.0,850,-0.31803628601921025
426,0,1.1,850,-0.3206798046712668
427,0,1.2000000000000002,850,-0.3206798046712668
428,0,1.3,850,-0.3206798046712668
429,0,1.4000000000000001,850,-0.3206798046712668
430,0,1.5,850,-0.3206798046712668
431,0,1.6,850,-0.3206798046712668
432,0,1.7000000000000002,850,-0.3206798046712668
433,0,1.8,850,-0.3206798046712668
434,0,1.9000000000000001,850,-0.3206798046712668
435,0,0.5,880,-0.4278728606356968
436,0,0.6000000000000001,880,-0.4278728606356968
437,0,0.7000000000000001,880,-0.4278728606356968
438,0,0.8,880,-0.4278728606356968
439,0,0.9,880,-0.4278728606356968
440,0,1.0,880,-0.4278728606356968
441,0,1.1,880,-0.434910213089384
442,0,1.2000000000000002,880,-0.434910213089384
443,0,1.3,880,-0.434910213089384
444,0,1.4000000000000001,880,-0.434910213089384
445,0,1.5,880,-0.434910213089384
446,0,1.6,880,-0.434910213089384
447,0,1.7000000000000002,880,-0.434910213089384
448,0,1.8,880,-0.434910213089384
449,0,1.9000000000000001,880,-0.434910213089384
450,0,0.5,910,-0.3893893893893894
451,0,0.6000000000000001,910,-0.3893893893893894
452,0,0.7000000000000001,910,-0.3893893893893894
453,0,0.8,910,-0.3893893893893894
454,0,0.9,910,-0.3893893893893894
455,0,1.0,910,-0.3893893893893894
456,0,1.1,910,-0.39122120292138574
457,0,1.2000000000000002,910,-0.39122120292138574
458,0,1.3,910,-0.39122120292138574
459,0,1.4000000000000001,910,-0.39122120292138574
460,0,1.5,910,-0.39122120292138574
461,0,1.6,910,-0.39122120292138574
462,0,1.7000000000000002,910,-0.39122120292138574
463,0,1.8,910,-0.39122120292138574
464,0,1.9000000000000001,910,-0.39122120292138574
465,0,0.5,940,-0.3831376734258271
466,0,0.6000000000000001,940,-0.3831376734258271
467,0,0.7000000000000001,940,-0.3831376734258271
468,0,0.8,940,-0.3831376734258271
469,0,0.9,940,-0.3831376734258271
470,0,1.0,940,-0.3831376734258271
471,0,1.1,940,-0.38411162399897714
472,0,1.2000000000000002,940,-0.38411162399897714
473,0,1.3,940,-0.38411162399897714
474,0,1.4000000000000001,940,-0.38411162399897714
475,0,1.5,940,-0.38411162399897714
476,0,1.6,940,-0.38411162399897714
477,0,1.7000000000000002,940,-0.38411162399897714
478,0,1.8,940,-0.38411162399897714
479,0,1.9000000000000001,940,-0.38411162399897714
480,0,0.5,970,-0.345328310390654
481,0,0.6000000000000001,970,-0.345328310390654
482,0,0.7000000000000001,970,-0.345328310390654
483,0,0.8,970,-0.345328310390654
484,0,0.9,970,-0.345328310390654
485,0,1.0,970,-0.345328310390654
486,0,1.1,970,-0.3668583493895212
487,0,1.2000000000000002,970,-0.3668583493895212
488,0,1.3,970,-0.3668583493895212
489,0,1.4000000000000001,970,-0.3668583493895212
490,0,1.5,970,-0.3668583493895212
491,0,1.6,970,-0.3668583493895212
492,0,1.7000000000000002,970,-0.3668583493895212
493,0,1.8,970,-0.3668583493895212
494,0,1.9000000000000001,970,-0.3668583493895212
495,0,0.5,1000,-0.3707692307692308
496,0,0.6000000000000001,1000,-0.3707692307692308
497,0,0.7000000000000001,1000,-0.3707692307692308
498,0,0.8,1000,-0.3707692307692308
499,0,0.9,1000,-0.3707692307692308
500,0,1.0,1000,-0.3707692307692308
501,0,1.1,1000,-0.3755125861341584
502,0,1.2000000000000002,1000,-0.3755125861341584
503,0,1.3,1000,-0.3755125861341584
504,0,1.4000000000000001,1000,-0.3755125861341584
505,0,1.5,1000,-0.3755125861341584
506,0,1.6,1000,-0.3755125861341584
507,0,1.7000000000000002,1000,-0.3755125861341584
508,0,1.8,1000,-0.3755125861341584
509,0,1.9000000000000001,1000,-0.3755125861341584
510,0,0.5,1030,-0.5904645476772616
511,0,0.6000000000000001,1030,-0.5904645476772616
512,0,0.7000000000000001,1030,-0.5904645476772616
513,0,0.8,1030,-0.5904645476772616
514,0,0.9,1030,-0.5904645476772616
515,0,1.0,1030,-0.5904645476772616
516,0,1.1,1030,-0.5923072281347916
517,0,1.2000000000000002,1030,-0.5923072281347916
518,0,1.3,1030,-0.5923072281347916
519,0,1.4000000000000001,1030,-0.5923072281347916
520,0,1.5,1030,-0.5923072281347916
521,0,1.6,1030,-0.5923072281347916
522,0,1.7000000000000002,1030,-0.5923072281347916
523,0,1.8,1030,-0.5923072281347916
524,0,1.9000000000000001,1030,-0.5923072281347916
525,0,0.5,1060,-0.4553516444827413
526,0,0.6000000000000001,1060,-0.4553516444827413
527,0,0.7000000000000001,1060,-0.4553516444827413
528,0,0.8,1060,-0.4553516444827413
529,0,0.9,1060,-0.4553516444827413
530,0,1.0,1060,-0.4553516444827413
531,0,1.1,1060,-0.46456037840845854
532,0,1.2000000000000002,1060,-0.46456037840845854
533,0,1.3,1060,-0.46456037840845854
534,0,1.4000000000000001,1060,-0.46456037840845854
535,0,1.5,1060,-0.46456037840845854
536,0,1.6,1060,-0.46456037840845854
537,0,1.7000000000000002,1060,-0.46456037840845854
538,0,1.8,1060,-0.46456037840845854
539,0,1.9000000000000001,1060,-0.46456037840845854
540,0,0.5,1090,-0.44495412844036697
541,0,0.6000000000000001,1090,-0.44495412844036697
542,0,0.7000000000000001,1090,-0.44495412844036697
543,0,0.8,1090,-0.44495412844036697
544,0,0.9,1090,-0.44495412844036697
545,0,1.0,1090,-0.44495412844036697
546,0,1.1,1090,-0.48925483738163855
547,0,1.2000000000000002,1090,-0.48925483738163855
548,0,1.3,1090,-0.48925483738163855
549,0,1.4000000000000001,1090,-0.48925483738163855
550,0,1.5,1090,-0.48925483738163855
551,0,1.6,1090,-0.48925483738163855
552,0,1.7000000000000002,1090,-0.48925483738163855
553,0,1.8,1090,-0.48925483738163855
554,0,1.9000000000000001,1090,-0.48925483738163855
555,0,0.5,1120,-0.42477064220183486
556,0,0.6000000000000001,1120,-0.42477064220183486
557,0,0.7000000000000001,1120,-0.42477064220183486
558,0,0.8,1120,-0.42477064220183486
559,0,0.9,1120,-0.42477064220183486
560,0,1.0,1120,-0.42477064220183486
561,0,1.1,1120,-0.43030939615472186
562,0,1.2000000000000002,1120,-0.43030939615472186
563,0,1.3,1120,-0.43030939615472186
564,0,1.4000000000000001,1120,-0.43030939615472186
565,0,1.5,1120,-0.43030939615472186
566,0,1.6,1120,-0.43030939615472186
567,0,1.7000000000000002,1120,-0.43030939615472186
568,0,1.8,1120,-0.43030939615472186
569,0,1.9000000000000001,1120,-0.43030939615472186
570,1,0.5,10,0.23465703971119134
571,1,0.6000000000000001,10,0.23465703971119134
572,1,0.7000000000000001,10,0.23465703971119134
573,1,0.8,10,0.23465703971119134
574,1,0.9,10,0.23465703971119134
575,1,1.0,10,0.23465703971119134
576,1,1.1,10,0.2281833879394315
577,1,1.2000000000000002,10,0.2281833879394315
578,1,1.3,10,0.2281833879394315
579,1,1.4000000000000001,10,0.2281833879394315
580,1,1.5,10,0.2281833879394315
581,1,1.6,10,0.2281833879394315
582,1,1.7000000000000002,10,0.2281833879394315
583,1,1.8,10,0.2281833879394315
584,1,1.9000000000000001,10,0.2281833879394315
585,1,0.5,40,0.24492182198213852
586,1,0.6000000000000001,40,0.24492182198213852
587,1,0.7000000000000001,40,0.24492182198213852
588,1,0.8,40,0.24492182198213852
589,1,0.9,40,0.24492182198213852
590,1,1.0,40,0.24492182198213852
591,1,1.1,40,0.2386612891813486
592,1,1.2000000000000002,40,0.2386612891813486
593,1,1.3,40,0.2386612891813486
594,1,1.4000000000000001,40,0.2386612891813486
595,1,1.5,40,0.2386612891813486
596,1,1.6,40,0.2386612891813486
597,1,1.7000000000000002,40,0.2386612891813486
598,1,1.8,40,0.2386612891813486
599,1,1.9000000000000001,40,0.2386612891813486
600,1,0.5,70,0.26262497881714963
601,1,0.6000000000000001,70,0.26262497881714963
602,1,0.7000000000000001,70,0.26262497881714963
603,1,0.8,70,0.26262497881714963
604,1,0.9,70,0.26262497881714963
605,1,1.0,70,0.26262497881714963
606,1,1.1,70,0.256198347107438
607,1,1.2000000000000002,70,0.256198347107438
608,1,1.3,70,0.256198347107438
609,1,1.4000000000000001,70,0.256198347107438
610,1,1.5,70,0.256198347107438
611,1,1.6,70,0.256198347107438
612,1,1.7000000000000002,70,0.256198347107438
613,1,1.8,70,0.256198347107438
614,1,1.9000000000000001,70,0.256198347107438
615,1,0.5,100,0.2577639751552795
616,1,0.6000000000000001,100,0.2577639751552795
617,1,0.7000000000000001,100,0.2577639751552795
618,1,0.8,100,0.2577639751552795
619,1,0.9,100,0.2577639751552795
620,1,1.0,100,0.2577639751552795
621,1,1.1,100,0.2547838096723174
622,1,1.2000000000000002,100,0.2547838096723174
623,1,1.3,100,0.2547838096723174
624,1,1.4000000000000001,100,0.2547838096723174
625,1,1.5,100,0.2547838096723174
626,1,1.6,100,0.2547838096723174
627,1,1.7000000000000002,100,0.2547838096723174
628,1,1.8,100,0.2547838096723174
629,1,1.9000000000000001,100,0.2547838096723174
630,1,0.5,130,0.26004361799816345
631,1,0.6000000000000001,130,0.26004361799816345
632,1,0.7000000000000001,130,0.26004361799816345
633,1,0.8,130,0.26004361799816345
634,1,0.9,130,0.26004361799816345
635,1,1.0,130,0.26004361799816345
636,1,1.1,130,0.24567815864862197
637,1,1.2000000000000002,130,0.24567815864862197
638,1,1.3,130,0.24567815864862197
639,1,1.4000000000000001,130,0.24567815864862197
640,1,1.5,130,0.24567815864862197
641,1,1.6,130,0.24567815864862197
642,1,1.7000000000000002,130,0.24567815864862197
643,1,1.8,130,0.24567815864862197
644,1,1.9000000000000001,130,0.24567815864862197
645,1,0.5,160,0.28167539267015707
646,1,0.6000000000000001,160,0.28167539267015707
647,1,0.7000000000000001,160,0.28167539267015707
648,1,0.8,160,0.28167539267015707
649,1,0.9,160,0.28167539267015707
650,1,1.0,160,0.28167539267015707
651,1,1.1,160,0.2644365730200482
652,1,1.2000000000000002,160,0.2644365730200482
653,1,1.3,160,0.2644365730200482
654,1,1.4000000000000001,160,0.2644365730200482
655,1,1.5,160,0.2644365730200482
656,1,1.6,160,0.2644365730200482
657,1,1.7000000000000002,160,0.2644365730200482
658,1,1.8,160,0.2644365730200482
659,1,1.9000000000000001,160,0.2644365730200482
660,1,0.5,190,0.30329368445143856
661,1,0.6000000000000001,190,0.30329368445143856
662,1,0.7000000000000001,190,0.30329368445143856
663,1,0.8,190,0.30329368445143856
664,1,0.9,190,0.30329368445143856
665,1,1.0,190,0.30329368445143856
666,1,1.1,190,0.2893173322840842
667,1,1.2000000000000002,190,0.2893173322840842
668,1,1.3,190,0.2893173322840842
669,1,1.4000000000000001,190,0.2893173322840842
670,1,1.5,190,0.2893173322840842
671,1,1.6,190,0.2893173322840842
672,1,1.7000000000000002,190,0.2893173322840842
673,1,1.8,190,0.2893173322840842
674,1,1.9000000000000001,190,0.2893173322840842
675,1,0.5,220,0.19137466307277629
676,1,0.6000000000000001,220,0.19137466307277629
677,1,0.7000000000000001,220,0.19137466307277629
678,1,0.8,220,0.19137466307277629
679,1,0.9,220,0.19137466307277629
680,1,1.0,220,0.19137466307277629
681,1,1.1,220,0.18769866497139226
682,1,1.2000000000000002,220,0.18769866497139226
683,1,1.3,220,0.18769866497139226
684,1,1.4000000000000001,220,0.18769866497139226
685,1,1.5,220,0.18769866497139226
686,1,1.6,220,0.18769866497139226
687,1,1.7000000000000002,220,0.18769866497139226
688,1,1.8,220,0.18769866497139226
689,1,1.9000000000000001,220,0.18769866497139226
690,1,0.5,250,0.28699305809280234
691,1,0.6000000000000001,250,0.28699305809280234
692,1,0.7000000000000001,250,0.28699305809280234
693,1,0.8,250,0.28699305809280234
694,1,0.9,250,0.28699305809280234
695,1,1.0,250,0.28699305809280234
696,1,1.1,250,0.28023923444976073
697,1,1.2000000000000002,250,0.28023923444976073
698,1,1.3,250,0.28023923444976073
699,1,1.4000000000000001,250,0.28023923444976073
700,1,1.5,250,0.28023923444976073
701,1,1.6,250,0.28023923444976073
702,1,1.7000000000000002,250,0.28023923444976073
703,1,1.8,250,0.28023923444976073
704,1,1.9000000000000001,250,0.28023923444976073
705,1,0.5,280,0.3191427853192559
706,1,0.6000000000000001,280,0.3191427853192559
707,1,0.7000000000000001,280,0.3191427853192559
708,1,0.8,280,0.3191427853192559
709,1,0.9,280,0.3191427853192559
710,1,1.0,280,0.3191427853192559
711,1,1.1,280,0.3150141163184641
712,1,1.2000000000000002,280,0.3150141163184641
713,1,1.3,280,0.3150141163184641
714,1,1.4000000000000001,280,0.3150141163184641
715,1,1.5,280,0.3150141163184641
716,1,1.6,280,0.3150141163184641
717,1,1.7000000000000002,280,0.3150141163184641
718,1,1.8,280,0.3150141163184641
719,1,1.9000000000000001,280,0.3150141163184641
720,1,0.5,310,0.27109111361079863
721,1,0.6000000000000001,310,0.27109111361079863
722,1,0.7000000000000001,310,0.27109111361079863
723,1,0.8,310,0.27109111361079863
724,1,0.9,310,0.27109111361079863
725,1,1.0,310,0.27109111361079863
726,1,1.1,310,0.2576370170709793
727,1,1.2000000000000002,310,0.2576370170709793
728,1,1.3,310,0.2576370170709793
729,1,1.4000000000000001,310,0.2576370170709793
730,1,1.5,310,0.2576370170709793
731,1,1.6,310,0.2576370170709793
732,1,1.7000000000000002,310,0.2576370170709793
733,1,1.8,310,0.2576370170709793
734,1,1.9000000000000001,310,0.2576370170709793
735,1,0.5,340,0.22026431718061673
736,1,0.6000000000000001,340,0.22026431718061673
737,1,0.7000000000000001,340,0.22026431718061673
738,1,0.8,340,0.22026431718061673
739,1,0.9,340,0.22026431718061673
740,1,1.0,340,0.22026431718061673
741,1,1.1,340,0.2180195773275348
742,1,1.2000000000000002,340,0.2180195773275348
743,1,1.3,340,0.2180195773275348
744,1,1.4000000000000001,340,0.2180195773275348
745,1,1.5,340,0.2180195773275348
746,1,1.6,340,0.2180195773275348
747,1,1.7000000000000002,340,0.2180195773275348
748,1,1.8,340,0.2180195773275348
749,1,1.9000000000000001,340,0.2180195773275348
750,1,0.5,370,0.2868525896414343
751,1,0.6000000000000001,370,0.2868525896414343
752,1,0.7000000000000001,370,0.2868525896414343
753,1,0.8,370,0.2868525896414343
754,1,0.9,370,0.2868525896414343
755,1,1.0,370,0.2868525896414343
756,1,1.1,370,0.2800699300699301
757,1,1.2000000000000002,370,0.2800699300699301
758,1,1.3,370,0.2800699300699301
759,1,1.4000000000000001,370,0.2800699300699301
760,1,1.5,370,0.2800699300699301
761,1,1.6,370,0.2800699300699301
762,1,1.7000000000000002,370,0.2800699300699301
763,1,1.8,370,0.2800699300699301
764,1,1.9000000000000001,370,0.2800699300699301
765,1,0.5,400,0.3477297895902547
766,1,0.6000000000000001,400,0.3477297895902547
767,1,0.7000000000000001,400,0.3477297895902547
768,1,0.8,400,0.3477297895902547
769,1,0.9,400,0.3477297895902547
770,1,1.0,400,0.3477297895902547
771,1,1.1,400,0.3423812733721733
772,1,1.2000000000000002,400,0.3423812733721733
773,1,1.3,400,0.3423812733721733
774,1,1.4000000000000001,400,0.3423812733721733
775,1,1.5,400,0.3423812733721733
776,1,1.6,400,0.3423812733721733
777,1,1.7000000000000002,400,0.3423812733721733
778,1,1.8,400,0.3423812733721733
779,1,1.9000000000000001,400,0.3423812733721733
780,1,0.5,430,0.32419239675156986
781,1,0.6000000000000001,430,0.32419239675156986
782,1,0.7000000000000001,430,0.32419239675156986
783,1,0.8,430,0.32419239675156986
784,1,0.9,430,0.32419239675156986
785,1,1.0,430,0.32419239675156986
786,1,1.1,430,0.3164653168016355
787,1,1.2000000000000002,430,0.3164653168016355
788,1,1.3,430,0.3164653168016355
789,1,1.4000000000000001,430,0.3164653168016355
790,1,1.5,430,0.3164653168016355
791,1,1.6,430,0.3164653168016355
792,1,1.7000000000000002,430,0.3164653168016355
793,1,1.8,430,0.3164653168016355
794,1,1.9000000000000001,430,0.3164653168016355
795,1,0.5,460,0.25266736131246414
796,1,0.6000000000000001,460,0.25266736131246414
797,1,0.7000000000000001,460,0.25266736131246414
798,1,0.8,460,0.25266736131246414
799,1,0.9,460,0.25266736131246414
800,1,1.0,460,0.25266736131246414
801,1,1.1,460,0.25
802,1,1.2000000000000002,460,0.25
803,1,1.3,460,0.25
804,1,1.4000000000000001,460,0.25
805,1,1.5,460,0.25
806,1,1.6,460,0.25
807,1,1.7000000000000002,460,0.25
808,1,1.8,460,0.25
809,1,1.9000000000000001,460,0.25
810,1,0.5,490,0.22352783186732023
811,1,0.6000000000000001,490,0.22352783186732023
812,1,0.7000000000000001,490,0.22352783186732023
813,1,0.8,490,0.22352783186732023
814,1,0.9,490,0.22352783186732023
815,1,1.0,490,0.22352783186732023
816,1,1.1,490,0.2157890346975089
817,1,1.2000000000000002,490,0.2157890346975089
818,1,1.3,490,0.2157890346975089
819,1,1.4000000000000001,490,0.2157890346975089
820,1,1.5,490,0.2157890346975089
821,1,1.6,490,0.2157890346975089
822,1,1.7000000000000002,490,0.2157890346975089
823,1,1.8,490,0.2157890346975089
824,1,1.9000000000000001,490,0.2157890346975089
825,1,0.5,520,0.15368276104535333
826,1,0.6000000000000001,520,0.15368276104535333
827,1,0.7000000000000001,520,0.15368276104535333
828,1,0.8,520,0.15368276104535333
829,1,0.9,520,0.15368276104535333
830,1,1.0,520,0.15368276104535333
831,1,1.1,520,0.15368276104535333
832,1,1.2000000000000002,520,0.15368276104535333
833,1,1.3,520,0.15368276104535333
834,1,1.4000000000000001,520,0.15368276104535333
835,1,1.5,520,0.15368276104535333
836,1,1.6,520,0.15368276104535333
837,1,1.7000000000000002,520,0.15368276104535333
838,1,1.8,520,0.15368276104535333
839,1,1.9000000000000001,520,0.15368276104535333
840,1,0.5,550,0.2856401917631557
841,1,0.6000000000000001,550,0.2856401917631557
842,1,0.7000000000000001,550,0.2856401917631557
843,1,0.8,550,0.2856401917631557
844,1,0.9,550,0.2856401917631557
845,1,1.0,550,0.2856401917631557
846,1,1.1,550,0.2692872117400419
847,1,1.2000000000000002,550,0.2692872117400419
848,1,1.3,550,0.2692872117400419
849,1,1.4000000000000001,550,0.2692872117400419
850,1,1.5,550,0.2692872117400419
851,1,1.6,550,0.2692872117400419
852,1,1.7000000000000002,550,0.2692872117400419
853,1,1.8,550,0.2692872117400419
854,1,1.9000000000000001,550,0.2692872117400419
855,1,0.5,580,0.5814151227214135
856,1,0.6000000000000001,580,0.5814151227214135
857,1,0.7000000000000001,580,0.5814151227214135
858,1,0.8,580,0.5814151227214135
859,1,0.9,580,0.5814151227214135
860,1,1.0,580,0.5814151227214135
861,1,1.1,580,0.574415426529246
862,1,1.2000000000000002,580,0.574415426529246
863,1,1.3,580,0.574415426529246
864,1,1.4000000000000001,580,0.574415426529246
865,1,1.5,580,0.574415426529246
866,1,1.6,580,0.574415426529246
867,1,1.7000000000000002,580,0.574415426529246
868,1,1.8,580,0.574415426529246
869,1,1.9000000000000001,580,0.574415426529246
870,1,0.5,610,0.35489833641404805
871,1,0.6000000000000001,610,0.35489833641404805
872,1,0.7000000000000001,610,0.35489833641404805
873,1,0.8,610,0.35489833641404805
874,1,0.9,610,0.35489833641404805
875,1,1.0,610,0.35489833641404805
876,1,1.1,610,0.3537312194890753
877,1,1.2000000000000002,610,0.3537312194890753
878,1,1.3,610,0.3537312194890753
879,1,1.4000000000000001,610,0.3537312194890753
880,1,1.5,610,0.3537312194890753
881,1,1.6,610,0.3537312194890753
882,1,1.7000000000000002,610,0.3537312194890753
883,1,1.8,610,0.3537312194890753
884,1,1.9000000000000001,610,0.3537312194890753
885,1,0.5,640,0.5138082909329404
886,1,0.6000000000000001,640,0.5138082909329404
887,1,0.7000000000000001,640,0.5138082909329404
888,1,0.8,640,0.5138082909329404
889,1,0.9,640,0.5138082909329404
890,1,1.0,640,0.5138082909329404
891,1,1.1,640,0.49979820231401545
892,1,1.2000000000000002,640,0.49979820231401545
893,1,1.3,640,0.49979820231401545
894,1,1.4000000000000001,640,0.49979820231401545
895,1,1.5,640,0.49979820231401545
896,1,1.6,640,0.49979820231401545
897,1,1.7000000000000002,640,0.49979820231401545
898,1,1.8,640,0.49979820231401545
899,1,1.9000000000000001,640,0.49979820231401545
900,1,0.5,670,0.42290748898678415
901,1,0.6000000000000001,670,0.42290748898678415
902,1,0.7000000000000001,670,0.42290748898678415
903,1,0.8,670,0.42290748898678415
904,1,0.9,670,0.42290748898678415
905,1,1.0,670,0.42290748898678415
906,1,1.1,670,0.41034680984514765
907,1,1.2000000000000002,670,0.41034680984514765
908,1,1.3,670,0.41034680984514765
909,1,1.4000000000000001,670,0.41034680984514765
910,1,1.5,670,0.41034680984514765
911,1,1.6,670,0.41034680984514765
912,1,1.7000000000000002,670,0.41034680984514765
913,1,1.8,670,0.41034680984514765
914,1,1.9000000000000001,670,0.41034680984514765
915,1,0.5,700,0.2997416020671835
916,1,0.6000000000000001,700,0.2997416020671835
917,1,0.7000000000000001,700,0.2997416020671835
918,1,0.8,700,0.2997416020671835
919,1,0.9,700,0.2997416020671835
920,1,1.0,700,0.2997416020671835
921,1,1.1,700,0.29845921113760365
922,1,1.2000000000000002,700,0.29845921113760365
923,1,1.3,700,0.29845921113760365
924,1,1.4000000000000001,700,0.29845921113760365
925,1,1.5,700,0.29845921113760365
926,1,1.6,700,0.29845921113760365
927,1,1.7000000000000002,700,0.29845921113760365
928,1,1.8,700,0.29845921113760365
929,1,1.9000000000000001,700,0.29845921113760365
930,1,0.5,730,0.2907488986784141
931,1,0.6000000000000001,730,0.2907488986784141
932,1,0.7000000000000001,730,0.2907488986784141
933,1,0.8,730,0.2907488986784141
934,1,0.9,730,0.2907488986784141
935,1,1.0,730,0.2907488986784141
936,1,1.1,730,0.2854948466914608
937,1,1.2000000000000002,730,0.2854948466914608
938,1,1.3,730,0.2854948466914608
939,1,1.4000000000000001,730,0.2854948466914608
940,1,1.5,730,0.2854948466914608
941,1,1.6,730,0.2854948466914608
942,1,1.7000000000000002,730,0.2854948466914608
943,1,1.8,730,0.2854948466914608
944,1,1.9000000000000001,730,0.2854948466914608
945,1,0.5,760,0.4683257918552036
946,1,0.6000000000000001,760,0.4683257918552036
947,1,0.7000000000000001,760,0.4683257918552036
948,1,0.8,760,0.4683257918552036
949,1,0.9,760,0.4683257918552036
950,1,1.0,760,0.4683257918552036
951,1,1.1,760,0.4513951344507556
952,1,1.2000000000000002,760,0.4513951344507556
953,1,1.3,760,0.4513951344507556
954,1,1.4000000000000001,760,0.4513951344507556
955,1,1.5,760,0.4513951344507556
956,1,1.6,760,0.4513951344507556
957,1,1.7000000000000002,760,0.4513951344507556
958,1,1.8,760,0.4513951344507556
959,1,1.9000000000000001,760,0.4513951344507556
960,1,0.5,790,0.38267148014440433
961,1,0.6000000000000001,790,0.38267148014440433
962,1,0.7000000000000001,790,0.38267148014440433
963,1,0.8,790,0.38267148014440433
964,1,0.9,790,0.38267148014440433
965,1,1.0,790,0.38267148014440433
966,1,1.1,790,0.3741551233321141
967,1,1.2000000000000002,790,0.3741551233321141
968,1,1.3,790,0.3741551233321141
969,1,1.4000000000000001,790,0.3741551233321141
970,1,1.5,790,0.3741551233321141
971,1,1.6,790,0.3741551233321141
972,1,1.7000000000000002,790,0.3741551233321141
973,1,1.8,790,0.3741551233321141
974,1,1.9000000000000001,790,0.3741551233321141
975,1,0.5,820,0.2607449856733524
976,1,0.6000000000000001,820,0.2607449856733524
977,1,0.7000000000000001,820,0.2607449856733524
978,1,0.8,820,0.2607449856733524
979,1,0.9,820,0.2607449856733524
980,1,1.0,820,0.2607449856733524
981,1,1.1,820,0.2553724928366762
982,1,1.2000000000000002,820,0.2553724928366762
983,1,1.3,820,0.2553724928366762
984,1,1.4000000000000001,820,0.2553724928366762
985,1,1.5,820,0.2553724928366762
986,1,1.6,820,0.2553724928366762
987,1,1.7000000000000002,820,0.2553724928366762
988,1,1.8,820,0.2553724928366762
989,1,1.9000000000000001,820,0.2553724928366762
990,1,0.5,850,0.3444976076555024
991,1,0.6000000000000001,850,0.3444976076555024
992,1,0.7000000000000001,850,0.3444976076555024
993,1,0.8,850,0.3444976076555024
994,1,0.9,850,0.3444976076555024
995,1,1.0,850,0.3444976076555024
996,1,1.1,850,0.3283698492197732
997,1,1.2000000000000002,850,0.3283698492197732
998,1,1.3,850,0.3283698492197732
999,1,1.4000000000000001,850,0.3283698492197732
1000,1,1.5,850,0.3283698492197732
1001,1,1.6,850,0.3283698492197732
1002,1,1.7000000000000002,850,0.3283698492197732
1003,1,1.8,850,0.3283698492197732
1004,1,1.9000000000000001,850,0.3283698492197732
1005,1,0.5,880,0.14232258262861208
1006,1,0.6000000000000001,880,0.14232258262861208
1007,1,0.7000000000000001,880,0.14232258262861208
1008,1,0.8,880,0.14232258262861208
1009,1,0.9,880,0.14232258262861208
1010,1,1.0,880,0.14232258262861208
1011,1,1.1,880,0.13877694967729537
1012,1,1.2000000000000002,880,0.13877694967729537
1013,1,1.3,880,0.13877694967729537
1014,1,1.4000000000000001,880,0.13877694967729537
1015,1,1.5,880,0.13877694967729537
1016,1,1.6,880,0.13877694967729537
1017,1,1.7000000000000002,880,0.13877694967729537
1018,1,1.8,880,0.13877694967729537
1019,1,1.9000000000000001,880,0.13877694967729537
1020,1,0.5,910,0.2154255319148936
1021,1,0.6000000000000001,910,0.2154255319148936
1022,1,0.7000000000000001,910,0.2154255319148936
1023,1,0.8,910,0.2154255319148936
1024,1,0.9,910,0.2154255319148936
1025,1,1.0,910,0.2154255319148936
1026,1,1.1,910,0.20845213749164274
1027,1,1.2000000000000002,910,0.20845213749164274
1028,1,1.3,910,0.20845213749164274
1029,1,1.4000000000000001,910,0.20845213749164274
1030,1,1.5,910,0.20845213749164274
1031,1,1.6,910,0.20845213749164274
1032,1,1.7000000000000002,910,0.20845213749164274
1033,1,1.8,910,0.20845213749164274
1034,1,1.9000000000000001,910,0.20845213749164274
1035,1,0.5,940,0.14537444933920704
1036,1,0.6000000000000001,940,0.14537444933920704
1037,1,0.7000000000000001,940,0.14537444933920704
1038,1,0.8,940,0.14537444933920704
1039,1,0.9,940,0.14537444933920704
1040,1,1.0,940,0.14537444933920704
1041,1,1.1,940,0.14386160189380282
1042,1,1.2000000000000002,940,0.14386160189380282
1043,1,1.3,940,0.14386160189380282
1044,1,1.4000000000000001,940,0.14386160189380282
1045,1,1.5,940,0.14386160189380282
1046,1,1.6,940,0.14386160189380282
1047,1,1.7000000000000002,940,0.14386160189380282
1048,1,1.8,940,0.14386160189380282
1049,1,1.9000000000000001,940,0.14386160189380282
1050,1,0.5,970,0.1404494382022472
1051,1,0.6000000000000001,970,0.1404494382022472
1052,1,0.7000000000000001,970,0.1404494382022472
1053,1,0.8,970,0.1404494382022472
1054,1,0.9,970,0.1404494382022472
1055,1,1.0,970,0.1404494382022472
1056,1,1.1,970,0.1385066574271148
1057,1,1.2000000000000002,970,0.1385066574271148
1058,1,1.3,970,0.1385066574271148
1059,1,1.4000000000000001,970,0.1385066574271148
1060,1,1.5,970,0.1385066574271148
1061,1,1.6,970,0.1385066574271148
1062,1,1.7000000000000002,970,0.1385066574271148
1063,1,1.8,970,0.1385066574271148
1064,1,1.9000000000000001,970,0.1385066574271148
1065,1,0.5,1000,0.0941358024691358
1066,1,0.6000000000000001,1000,0.0941358024691358
1067,1,0.7000000000000001,1000,0.0941358024691358
1068,1,0.8,1000,0.0941358024691358
1069,1,0.9,1000,0.0941358024691358
1070,1,1.0,1000,0.0941358024691358
1071,1,1.1,1000,0.09231677001284844
1072,1,1.2000000000000002,1000,0.09231677001284844
1073,1,1.3,1000,0.09231677001284844
1074,1,1.4000000000000001,1000,0.09231677001284844
1075,1,1.5,1000,0.09231677001284844
1076,1,1.6,1000,0.09231677001284844
1077,1,1.7000000000000002,1000,0.09231677001284844
1078,1,1.8,1000,0.09231677001284844
1079,1,1.9000000000000001,1000,0.09231677001284844
1080,1,0.5,1030,-0.2556179775280899
1081,1,0.6000000000000001,1030,-0.2556179775280899
1082,1,0.7000000000000001,1030,-0.2556179775280899
1083,1,0.8,1030,-0.2556179775280899
1084,1,0.9,1030,-0.2556179775280899
1085,1,1.0,1030,-0.2556179775280899
1086,1,1.1,1030,-0.2548520794029751
1087,1,1.2000000000000002,1030,-0.2548520794029751
1088,1,1.3,1030,-0.2548520794029751
1089,1,1.4000000000000001,1030,-0.2548520794029751
1090,1,1.5,1030,-0.2548520794029751
1091,1,1.6,1030,-0.2548520794029751
1092,1,1.7000000000000002,1030,-0.2548520794029751
1093,1,1.8,1030,-0.2548520794029751
1094,1,1.9000000000000001,1030,-0.2548520794029751
1095,1,0.5,1060,0.010830324909747292
1096,1,0.6000000000000001,1060,0.010830324909747292
1097,1,0.7000000000000001,1060,0.010830324909747292
1098,1,0.8,1060,0.010830324909747292
1099,1,0.9,1060,0.010830324909747292
1100,1,1.0,1060,0.010830324909747292
1101,1,1.1,1060,0.010444406135182667
1102,1,1.2000000000000002,1060,0.010444406135182667
1103,1,1.3,1060,0.010444406135182667
1104,1,1.4000000000000001,1060,0.010444406135182667
1105,1,1.5,1060,0.010444406135182667
1106,1,1.6,1060,0.010444406135182667
1107,1,1.7000000000000002,1060,0.010444406135182667
1108,1,1.8,1060,0.010444406135182667
1109,1,1.9000000000000001,1060,0.010444406135182667
1110,1,0.5,1090,0.07177033492822966
1111,1,0.6000000000000001,1090,0.07177033492822966
1112,1,0.7000000000000001,1090,0.07177033492822966
1113,1,0.8,1090,0.07177033492822966
1114,1,0.9,1090,0.07177033492822966
1115,1,1.0,1090,0.07177033492822966
1116,1,1.1,1090,0.059026822443076964
1117,1,1.2000000000000002,1090,0.059026822443076964
1118,1,1.3,1090,0.059026822443076964
1119,1,1.4000000000000001,1090,0.059026822443076964
1120,1,1.5,1090,0.059026822443076964
1121,1,1.6,1090,0.059026822443076964
1122,1,1.7000000000000002,1090,0.059026822443076964
1123,1,1.8,1090,0.059026822443076964
1124,1,1.9000000000000001,1090,0.059026822443076964
1125,1,0.5,1120,0.1256931608133087
1126,1,0.6000000000000001,1120,0.1256931608133087
1127,1,0.7000000000000001,1120,0.1256931608133087
1128,1,0.8,1120,0.1256931608133087
1129,1,0.9,1120,0.1256931608133087
1130,1,1.0,1120,0.1256931608133087
1131,1,1.1,1120,0.11393353692839348
1132,1,1.2000000000000002,1120,0.11393353692839348
1133,1,1.3,1120,0.11393353692839348
1134,1,1.4000000000000001,1120,0.11393353692839348
1135,1,1.5,1120,0.11393353692839348
1136,1,1.6,1120,0.11393353692839348
1137,1,1.7000000000000002,1120,0.11393353692839348
1138,1,1.8,1120,0.11393353692839348
1139,1,1.9000000000000001,1120,0.11393353692839348
1140,2,0.5,10,1.14
1141,2,0.6000000000000001,10,1.14
1142,2,0.7000000000000001,10,1.14
1143,2,0.8,10,1.14
1144,2,0.9,10,1.14
1145,2,1.0,10,1.14
1146,2,1.1,10,1.14
1147,2,1.2000000000000002,10,1.14
1148,2,1.3,10,1.14
1149,2,1.4000000000000001,10,1.14
1150,2,1.5,10,1.14
1151,2,1.6,10,1.14
1152,2,1.7000000000000002,10,1.14
1153,2,1.8,10,1.14
1154,2,1.9000000000000001,10,1.14
1155,2,0.5,40,1.16
1156,2,0.6000000000000001,40,1.16
1157,2,0.7000000000000001,40,1.16
1158,2,0.8,40,1.16
1159,2,0.9,40,1.16
1160,2,1.0,40,1.16
1161,2,1.1,40,1.16
1162,2,1.2000000000000002,40,1.16
1163,2,1.3,40,1.16
1164,2,1.4000000000000001,40,1.16
1165,2,1.5,40,1.16
1166,2,1.6,40,1.16
1167,2,1.7000000000000002,40,1.16
1168,2,1.8,40,1.16
1169,2,1.9000000000000001,40,1.16
1170,2,0.5,70,1.2817993874719962
1171,2,0.6000000000000001,70,1.2817993874719962
1172,2,0.7000000000000001,70,1.2817993874719962
1173,2,0.8,70,1.2817993874719962
1174,2,0.9,70,1.2817993874719962
1175,2,1.0,70,1.2817993874719962
1176,2,1.1,70,1.2817993874719962
1177,2,1.2000000000000002,70,1.2817993874719962
1178,2,1.3,70,1.2817993874719962
1179,2,1.4000000000000001,70,1.2817993874719962
1180,2,1.5,70,1.2817993874719962
1181,2,1.6,70,1.2817993874719962
1182,2,1.7000000000000002,70,1.2817993874719962
1183,2,1.8,70,1.2817993874719962
1184,2,1.9000000000000001,70,1.2817993874719962
1185,2,0.5,100,1.2399877850666094
1186,2,0.6000000000000001,100,1.2399877850666094
1187,2,0.7000000000000001,100,1.2399877850666094
1188,2,0.8,100,1.2399877850666094
1189,2,0.9,100,1.2399877850666094
1190,2,1.0,100,1.2399877850666094
1191,2,1.1,100,1.2399877850666094
1192,2,1.2000000000000002,100,1.2399877850666094
1193,2,1.3,100,1.2399877850666094
1194,2,1.4000000000000001,100,1.2399877850666094
1195,2,1.5,100,1.2399877850666094
1196,2,1.6,100,1.2399877850666094
1197,2,1.7000000000000002,100,1.2399877850666094
1198,2,1.8,100,1.2399877850666094
1199,2,1.9000000000000001,100,1.2399877850666094
1200,2,0.5,130,1.289286956643108
1201,2,0.6000000000000001,130,1.289286956643108
1202,2,0.7000000000000001,130,1.289286956643108
1203,2,0.8,130,1.289286956643108
1204,2,0.9,130,1.289286956643108
1205,2,1.0,130,1.289286956643108
1206,2,1.1,130,1.289286956643108
1207,2,1.2000000000000002,130,1.289286956643108
1208,2,1.3,130,1.289286956643108
1209,2,1.4000000000000001,130,1.289286956643108
1210,2,1.5,130,1.289286956643108
1211,2,1.6,130,1.289286956643108
1212,2,1.7000000000000002,130,1.289286956643108
1213,2,1.8,130,1.289286956643108
1214,2,1.9000000000000001,130,1.289286956643108
1215,2,0.5,160,1.4566340529504096
1216,2,0.6000000000000001,160,1.4566340529504096
1217,2,0.7000000000000001,160,1.4566340529504096
1218,2,0.8,160,1.4566340529504096
1219,2,0.9,160,1.4566340529504096
1220,2,1.0,160,1.4566340529504096
1221,2,1.1,160,1.4566340529504096
1222,2,1.2000000000000002,160,1.4566340529504096
1223,2,1.3,160,1.4566340529504096
1224,2,1.4000000000000001,160,1.4566340529504096
1225,2,1.5,160,1.4566340529504096
1226,2,1.6,160,1.4566340529504096
1227,2,1.7000000000000002,160,1.4566340529504096
1228,2,1.8,160,1.4566340529504096
1229,2,1.9000000000000001,160,1.4566340529504096
1230,2,0.5,190,1.5813253541039174
1231,2,0.6000000000000001,190,1.5813253541039174
1232,2,0.7000000000000001,190,1.5813253541039174
1233,2,0.8,190,1.5813253541039174
1234,2,0.9,190,1.5813253541039174
1235,2,1.0,190,1.5813253541039174
1236,2,1.1,190,1.5813253541039174
1237,2,1.2000000000000002,190,1.5813253541039174
1238,2,1.3,190,1.5813253541039174
1239,2,1.4000000000000001,190,1.5813253541039174
1240,2,1.5,190,1.5813253541039174
1241,2,1.6,190,1.5813253541039174
1242,2,1.7000000000000002,190,1.5813253541039174
1243,2,1.8,190,1.5813253541039174
1244,2,1.9000000000000001,190,1.5813253541039174
1245,2,0.5,220,1.4036511156186613
1246,2,0.6000000000000001,220,1.4036511156186613
1247,2,0.7000000000000001,220,1.4036511156186613
1248,2,0.8,220,1.4036511156186613
1249,2,0.9,220,1.4036511156186613
1250,2,1.0,220,1.4036511156186613
1251,2,1.1,220,1.4036511156186613
1252,2,1.2000000000000002,220,1.4036511156186613
1253,2,1.3,220,1.4036511156186613
1254,2,1.4000000000000001,220,1.4036511156186613
1255,2,1.5,220,1.4036511156186613
1256,2,1.6,220,1.4036511156186613
1257,2,1.7000000000000002,220,1.4036511156186613
1258,2,1.8,220,1.4036511156186613
1259,2,1.9000000000000001,220,1.4036511156186613
1260,2,0.5,250,1.2664254803711426
1261,2,0.6000000000000001,250,1.2664254803711426
1262,2,0.7000000000000001,250,1.2664254803711426
1263,2,0.8,250,1.2664254803711426
1264,2,0.9,250,1.2664254803711426
1265,2,1.0,250,1.2664254803711426
1266,2,1.1,250,1.2664254803711426
1267,2,1.2000000000000002,250,1.2664254803711426
1268,2,1.3,250,1.2664254803711426
1269,2,1.4000000000000001,250,1.2664254803711426
1270,2,1.5,250,1.2664254803711426
1271,2,1.6,250,1.2664254803711426
1272,2,1.7000000000000002,250,1.2664254803711426
1273,2,1.8,250,1.2664254803711426
1274,2,1.9000000000000001,250,1.2664254803711426
1275,2,0.5,280,1.6358628184888673
1276,2,0.6000000000000001,280,1.6358628184888673
1277,2,0.7000000000000001,280,1.6358628184888673
1278,2,0.8,280,1.6358628184888673
1279,2,0.9,280,1.6358628184888673
1280,2,1.0,280,1.6358628184888673
1281,2,1.1,280,1.6358628184888673
1282,2,1.2000000000000002,280,1.6358628184888673
1283,2,1.3,280,1.6358628184888673
1284,2,1.4000000000000001,280,1.6358628184888673
1285,2,1.5,280,1.6358628184888673
1286,2,1.6,280,1.6358628184888673
1287,2,1.7000000000000002,280,1.6358628184888673
1288,2,1.8,280,1.6358628184888673
1289,2,1.9000000000000001,280,1.6358628184888673
1290,2,0.5,310,1.4951684897238435
1291,2,0.6000000000000001,310,1.4951684897238435
1292,2,0.7000000000000001,310,1.4951684897238435
1293,2,0.8,310,1.4951684897238435
1294,2,0.9,310,1.4951684897238435
1295,2,1.0,310,1.4951684897238435
1296,2,1.1,310,1.4951684897238435
1297,2,1.2000000000000002,310,1.4951684897238435
1298,2,1.3,310,1.4951684897238435
1299,2,1.4000000000000001,310,1.4951684897238435
1300,2,1.5,310,1.4951684897238435
1301,2,1.6,310,1.4951684897238435
1302,2,1.7000000000000002,310,1.4951684897238435
1303,2,1.8,310,1.4951684897238435
1304,2,1.9000000000000001,310,1.4951684897238435
1305,2,0.5,340,1.204658901830283
1306,2,0.6000000000000001,340,1.204658901830283
1307,2,0.7000000000000001,340,1.204658901830283
1308,2,0.8,340,1.204658901830283
1309,2,0.9,340,1.204658901830283
1310,2,1.0,340,1.204658901830283
1311,2,1.1,340,1.204658901830283
1312,2,1.2000000000000002,340,1.204658901830283
1313,2,1.3,340,1.204658901830283
1314,2,1.4000000000000001,340,1.204658901830283
1315,2,1.5,340,1.204658901830283
1316,2,1.6,340,1.204658901830283
1317,2,1.7000000000000002,340,1.204658901830283
1318,2,1.8,340,1.204658901830283
1319,2,1.9000000000000001,340,1.204658901830283
1320,2,0.5,370,1.5057736720554273
1321,2,0.6000000000000001,370,1.5057736720554273
1322,2,0.7000000000000001,370,1.5057736720554273
1323,2,0.8,370,1.5057736720554273
1324,2,0.9,370,1.5057736720554273
1325,2,1.0,370,1.5057736720554273
1326,2,1.1,370,1.5057736720554273
1327,2,1.2000000000000002,370,1.5057736720554273
1328,2,1.3,370,1.5057736720554273
1329,2,1.4000000000000001,370,1.5057736720554273
1330,2,1.5,370,1.5057736720554273
1331,2,1.6,370,1.5057736720554273
1332,2,1.7000000000000002,370,1.5057736720554273
1333,2,1.8,370,1.5057736720554273
1334,2,1.9000000000000001,370,1.5057736720554273
1335,2,0.5,400,1.624845430175275
1336,2,0.6000000000000001,400,1.624845430175275
1337,2,0.7000000000000001,400,1.624845430175275
1338,2,0.8,400,1.624845430175275
1339,2,0.9,400,1.624845430175275
1340,2,1.0,400,1.624845430175275
1341,2,1.1,400,1.624845430175275
1342,2,1.2000000000000002,400,1.624845430175275
1343,2,1.3,400,1.624845430175275
1344,2,1.4000000000000001,400,1.624845430175275
1345,2,1.5,400,1.624845430175275
1346,2,1.6,400,1.624845430175275
1347,2,1.7000000000000002,400,1.624845430175275
1348,2,1.8,400,1.624845430175275
1349,2,1.9000000000000001,400,1.624845430175275
1350,2,0.5,430,1.1987080332194988
1351,2,0.6000000000000001,430,1.1987080332194988
1352,2,0.7000000000000001,430,1.1987080332194988
1353,2,0.8,430,1.1987080332194988
1354,2,0.9,430,1.1987080332194988
1355,2,1.0,430,1.1987080332194988
1356,2,1.1,430,1.1987080332194988
1357,2,1.2000000000000002,430,1.1987080332194988
1358,2,1.3,430,1.1987080332194988
1359,2,1.4000000000000001,430,1.1987080332194988
1360,2,1.5,430,1.1987080332194988
1361,2,1.6,430,1.1987080332194988
1362,2,1.7000000000000002,430,1.1987080332194988
1363,2,1.8,430,1.1987080332194988
1364,2,1.9000000000000001,430,1.1987080332194988
1365,2,0.5,460,1.3568563491747192
1366,2,0.6000000000000001,460,1.3568563491747192
1367,2,0.7000000000000001,460,1.3568563491747192
1368,2,0.8,460,1.3568563491747192
1369,2,0.9,460,1.3568563491747192
1370,2,1.0,460,1.3568563491747192
1371,2,1.1,460,1.3568563491747192
1372,2,1.2000000000000002,460,1.3568563491747192
1373,2,1.3,460,1.3568563491747192
1374,2,1.4000000000000001,460,1.3568563491747192
1375,2,1.5,460,1.3568563491747192
1376,2,1.6,460,1.3568563491747192
1377,2,1.7000000000000002,460,1.3568563491747192
1378,2,1.8,460,1.3568563491747192
1379,2,1.9000000000000001,460,1.3568563491747192
1380,2,0.5,490,1.222730289136539
1381,2,0.6000000000000001,490,1.222730289136539
1382,2,0.7000000000000001,490,1.222730289136539
1383,2,0.8,490,1.222730289136539
1384,2,0.9,490,1.222730289136539
1385,2,1.0,490,1.222730289136539
1386,2,1.1,490,1.222730289136539
1387,2,1.2000000000000002,490,1.222730289136539
1388,2,1.3,490,1.222730289136539
1389,2,1.4000000000000001,490,1.222730289136539
1390,2,1.5,490,1.222730289136539
1391,2,1.6,490,1.222730289136539
1392,2,1.7000000000000002,490,1.222730289136539
1393,2,1.8,490,1.222730289136539
1394,2,1.9000000000000001,490,1.222730289136539
1395,2,0.5,520,1.3663413780144342
1396,2,0.6000000000000001,520,1.3663413780144342
1397,2,0.7000000000000001,520,1.3663413780144342
1398,2,0.8,520,1.3663413780144342
1399,2,0.9,520,1.3663413780144342
1400,2,1.0,520,1.3663413780144342
1401,2,1.1,520,1.3663413780144342
1402,2,1.2000000000000002,520,1.3663413780144342
1403,2,1.3,520,1.3663413780144342
1404,2,1.4000000000000001,520,1.3663413780144342
1405,2,1.5,520,1.3663413780144342
1406,2,1.6,520,1.3663413780144342
1407,2,1.7000000000000002,520,1.3663413780144342
1408,2,1.8,520,1.3663413780144342
1409,2,1.9000000000000001,520,1.3663413780144342
1410,2,0.5,550,2.144605255406273
1411,2,0.6000000000000001,550,2.144605255406273
1412,2,0.7000000000000001,550,2.144605255406273
1413,2,0.8,550,2.144605255406273
1414,2,0.9,550,2.144605255406273
1415,2,1.0,550,2.144605255406273
1416,2,1.1,550,2.144605255406273
1417,2,1.2000000000000002,550,2.144605255406273
1418,2,1.3,550,2.144605255406273
1419,2,1.4000000000000001,550,2.144605255406273
1420,2,1.5,550,2.144605255406273
1421,2,1.6,550,2.144605255406273
1422,2,1.7000000000000002,550,2.144605255406273
1423,2,1.8,550,2.144605255406273
1424,2,1.9000000000000001,550,2.144605255406273
1425,2,0.5,580,3.3579636104796866
1426,2,0.6000000000000001,580,3.3579636104796866
1427,2,0.7000000000000001,580,3.3579636104796866
1428,2,0.8,580,3.3579636104796866
1429,2,0.9,580,3.3579636104796866
1430,2,1.0,580,3.3579636104796866
1431,2,1.1,580,3.3579636104796866
1432,2,1.2000000000000002,580,3.3579636104796866
1433,2,1.3,580,3.3579636104796866
1434,2,1.4000000000000001,580,3.3579636104796866
1435,2,1.5,580,3.3579636104796866
1436,2,1.6,580,3.3579636104796866
1437,2,1.7000000000000002,580,3.3579636104796866
1438,2,1.8,580,3.3579636104796866
1439,2,1.9000000000000001,580,3.3579636104796866
1440,2,0.5,610,2.775981524249423
1441,2,0.6000000000000001,610,2.775981524249423
1442,2,0.7000000000000001,610,2.775981524249423
1443,2,0.8,610,2.775981524249423
1444,2,0.9,610,2.775981524249423
1445,2,1.0,610,2.775981524249423
1446,2,1.1,610,2.775981524249423
1447,2,1.2000000000000002,610,2.775981524249423
1448,2,1.3,610,2.775981524249423
1449,2,1.4000000000000001,610,2.775981524249423
1450,2,1.5,610,2.775981524249423
1451,2,1.6,610,2.775981524249423
1452,2,1.7000000000000002,610,2.775981524249423
1453,2,1.8,610,2.775981524249423
1454,2,1.9000000000000001,610,2.775981524249423
1455,2,0.5,640,3.0
1456,2,0.6000000000000001,640,3.0
1457,2,0.7000000000000001,640,3.0
1458,2,0.8,640,3.0
1459,2,0.9,640,3.0
1460,2,1.0,640,3.0
1461,2,1.1,640,3.0
1462,2,1.2000000000000002,640,3.0
1463,2,1.3,640,3.0
1464,2,1.4000000000000001,640,3.0
1465,2,1.5,640,3.0
1466,2,1.6,640,3.0
1467,2,1.7000000000000002,640,3.0
1468,2,1.8,640,3.0
1469,2,1.9000000000000001,640,3.0
1470,2,0.5,670,3.3165100126134934
1471,2,0.6000000000000001,670,3.3165100126134934
1472,2,0.7000000000000001,670,3.3165100126134934
1473,2,0.8,670,3.3165100126134934
1474,2,0.9,670,3.3165100126134934
1475,2,1.0,670,3.3165100126134934
1476,2,1.1,670,3.3165100126134934
1477,2,1.2000000000000002,670,3.3165100126134934
1478,2,1.3,670,3.3165100126134934
1479,2,1.4000000000000001,670,3.3165100126134934
1480,2,1.5,670,3.3165100126134934
1481,2,1.6,670,3.3165100126134934
1482,2,1.7000000000000002,670,3.3165100126134934
1483,2,1.8,670,3.3165100126134934
1484,2,1.9000000000000001,670,3.3165100126134934
1485,2,0.5,700,2.5194805194805197
1486,2,0.6000000000000001,700,2.5194805194805197
1487,2,0.7000000000000001,700,2.5194805194805197
1488,2,0.8,700,2.5194805194805197
1489,2,0.9,700,2.5194805194805197
1490,2,1.0,700,2.5194805194805197
1491,2,1.1,700,2.5194805194805197
1492,2,1.2000000000000002,700,2.5194805194805197
1493,2,1.3,700,2.5194805194805197
1494,2,1.4000000000000001,700,2.5194805194805197
1495,2,1.5,700,2.5194805194805197
1496,2,1.6,700,2.5194805194805197
1497,2,1.7000000000000002,700,2.5194805194805197
1498,2,1.8,700,2.5194805194805197
1499,2,1.9000000000000001,700,2.5194805194805197
1500,2,0.5,730,2.0138568129330254
1501,2,0.6000000000000001,730,2.0138568129330254
1502,2,0.7000000000000001,730,2.0138568129330254
1503,2,0.8,730,2.0138568129330254
1504,2,0.9,730,2.0138568129330254
1505,2,1.0,730,2.0138568129330254
1506,2,1.1,730,2.0138568129330254
1507,2,1.2000000000000002,730,2.0138568129330254
1508,2,1.3,730,2.0138568129330254
1509,2,1.4000000000000001,730,2.0138568129330254
1510,2,1.5,730,2.0138568129330254
1511,2,1.6,730,2.0138568129330254
1512,2,1.7000000000000002,730,2.0138568129330254
1513,2,1.8,730,2.0138568129330254
1514,2,1.9000000000000001,730,2.0138568129330254
1515,2,0.5,760,2.5194805194805197
1516,2,0.6000000000000001,760,2.5194805194805197
1517,2,0.7000000000000001,760,2.5194805194805197
1518,2,0.8,760,2.5194805194805197
1519,2,0.9,760,2.5194805194805197
1520,2,1.0,760,2.5194805194805197
1521,2,1.1,760,2.5194805194805197
1522,2,1.2000000000000002,760,2.5194805194805197
1523,2,1.3,760,2.5194805194805197
1524,2,1.4000000000000001,760,2.5194805194805197
1525,2,1.5,760,2.5194805194805197
1526,2,1.6,760,2.5194805194805197
1527,2,1.7000000000000002,760,2.5194805194805197
1528,2,1.8,760,2.5194805194805197
1529,2,1.9000000000000001,760,2.5194805194805197
1530,2,0.5,790,2.286004056795132
1531,2,0.6000000000000001,790,2.286004056795132
1532,2,0.7000000000000001,790,2.286004056795132
1533,2,0.8,790,2.286004056795132
1534,2,0.9,790,2.286004056795132
1535,2,1.0,790,2.286004056795132
1536,2,1.1,790,2.286004056795132
1537,2,1.2000000000000002,790,2.286004056795132
1538,2,1.3,790,2.286004056795132
1539,2,1.4000000000000001,790,2.286004056795132
1540,2,1.5,790,2.286004056795132
1541,2,1.6,790,2.286004056795132
1542,2,1.7000000000000002,790,2.286004056795132
1543,2,1.8,790,2.286004056795132
1544,2,1.9000000000000001,790,2.286004056795132
1545,2,0.5,820,1.4566340529504096
1546,2,0.6000000000000001,820,1.4566340529504096
1547,2,0.7000000000000001,820,1.4566340529504096
1548,2,0.8,820,1.4566340529504096
1549,2,0.9,820,1.4566340529504096
1550,2,1.0,820,1.4566340529504096
1551,2,1.1,820,1.4566340529504096
1552,2,1.2000000000000002,820,1.4566340529504096
1553,2,1.3,820,1.4566340529504096
1554,2,1.4000000000000001,820,1.4566340529504096
1555,2,1.5,820,1.4566340529504096
1556,2,1.6,820,1.4566340529504096
1557,2,1.7000000000000002,820,1.4566340529504096
1558,2,1.8,820,1.4566340529504096
1559,2,1.9000000000000001,820,1.4566340529504096
1560,2,0.5,850,2.071593533487298
1561,2,0.6000000000000001,850,2.071593533487298
1562,2,0.7000000000000001,850,2.071593533487298
1563,2,0.8,850,2.071593533487298
1564,2,0.9,850,2.071593533487298
1565,2,1.0,850,2.071593533487298
1566,2,1.1,850,2.071593533487298
1567,2,1.2000000000000002,850,2.071593533487298
1568,2,1.3,850,2.071593533487298
1569,2,1.4000000000000001,850,2.071593533487298
1570,2,1.5,850,2.071593533487298
1571,2,1.6,850,2.071593533487298
1572,2,1.7000000000000002,850,2.071593533487298
1573,2,1.8,850,2.071593533487298
1574,2,1.9000000000000001,850,2.071593533487298
1575,2,0.5,880,1.5288683602771362
1576,2,0.6000000000000001,880,1.5288683602771362
1577,2,0.7000000000000001,880,1.5288683602771362
1578,2,0.8,880,1.5288683602771362
1579,2,0.9,880,1.5288683602771362
1580,2,1.0,880,1.5288683602771362
1581,2,1.1,880,1.5288683602771362
1582,2,1.2000000000000002,880,1.5288683602771362
1583,2,1.3,880,1.5288683602771362
1584,2,1.4000000000000001,880,1.5288683602771362
1585,2,1.5,880,1.5288683602771362
1586,2,1.6,880,1.5288683602771362
1587,2,1.7000000000000002,880,1.5288683602771362
1588,2,1.8,880,1.5288683602771362
1589,2,1.9000000000000001,880,1.5288683602771362
1590,2,0.5,910,1.984790874524715
1591,2,0.6000000000000001,910,1.984790874524715
1592,2,0.7000000000000001,910,1.984790874524715
1593,2,0.8,910,1.984790874524715
1594,2,0.9,910,1.984790874524715
1595,2,1.0,910,1.984790874524715
1596,2,1.1,910,1.984790874524715
1597,2,1.2000000000000002,910,1.984790874524715
1598,2,1.3,910,1.984790874524715
1599,2,1.4000000000000001,910,1.984790874524715
1600,2,1.5,910,1.984790874524715
1601,2,1.6,910,1.984790874524715
1602,2,1.7000000000000002,910,1.984790874524715
1603,2,1.8,910,1.984790874524715
1604,2,1.9000000000000001,910,1.984790874524715
1605,2,0.5,940,1.6806083650190113
1606,2,0.6000000000000001,940,1.6806083650190113
1607,2,0.7000000000000001,940,1.6806083650190113
1608,2,0.8,940,1.6806083650190113
1609,2,0.9,940,1.6806083650190113
1610,2,1.0,940,1.6806083650190113
1611,2,1.1,940,1.6806083650190113
1612,2,1.2000000000000002,940,1.6806083650190113
1613,2,1.3,940,1.6806083650190113
1614,2,1.4000000000000001,940,1.6806083650190113
1615,2,1.5,940,1.6806083650190113
1616,2,1.6,940,1.6806083650190113
1617,2,1.7000000000000002,940,1.6806083650190113
1618,2,1.8,940,1.6806083650190113
1619,2,1.9000000000000001,940,1.6806083650190113
1620,2,0.5,970,1.2928631756756757
1621,2,0.6000000000000001,970,1.2928631756756757
1622,2,0.7000000000000001,970,1.2928631756756757
1623,2,0.8,970,1.2928631756756757
1624,2,0.9,970,1.2928631756756757
1625,2,1.0,970,1.2928631756756757
1626,2,1.1,970,1.2928631756756757
1627,2,1.2000000000000002,970,1.2928631756756757
1628,2,1.3,970,1.2928631756756757
1629,2,1.4000000000000001,970,1.2928631756756757
1630,2,1.5,970,1.2928631756756757
1631,2,1.6,970,1.2928631756756757
1632,2,1.7000000000000002,970,1.2928631756756757
1633,2,1.8,970,1.2928631756756757
1634,2,1.9000000000000001,970,1.2928631756756757
1635,2,0.5,1000,1.4018475750577368
1636,2,0.6000000000000001,1000,1.4018475750577368
1637,2,0.7000000000000001,1000,1.4018475750577368
1638,2,0.8,1000,1.4018475750577368
1639,2,0.9,1000,1.4018475750577368
1640,2,1.0,1000,1.4018475750577368
1641,2,1.1,1000,1.4018475750577368
1642,2,1.2000000000000002,1000,1.4018475750577368
1643,2,1.3,1000,1.4018475750577368
1644,2,1.4000000000000001,1000,1.4018475750577368
1645,2,1.5,1000,1.4018475750577368
1646,2,1.6,1000,1.4018475750577368
1647,2,1.7000000000000002,1000,1.4018475750577368
1648,2,1.8,1000,1.4018475750577368
1649,2,1.9000000000000001,1000,1.4018475750577368
1650,2,0.5,1030,0.8726235741444867
1651,2,0.6000000000000001,1030,0.8726235741444867
1652,2,0.7000000000000001,1030,0.8726235741444867
1653,2,0.8,1030,0.8726235741444867
1654,2,0.9,1030,0.8726235741444867
1655,2,1.0,1030,0.8726235741444867
1656,2,1.1,1030,0.8726235741444867
1657,2,1.2000000000000002,1030,0.8726235741444867
1658,2,1.3,1030,0.8726235741444867
1659,2,1.4000000000000001,1030,0.8726235741444867
1660,2,1.5,1030,0.8726235741444867
1661,2,1.6,1030,0.8726235741444867
1662,2,1.7000000000000002,1030,0.8726235741444867
1663,2,1.8,1030,0.8726235741444867
1664,2,1.9000000000000001,1030,0.8726235741444867
1665,2,0.5,1060,1.7146524381460886
1666,2,0.6000000000000001,1060,1.7146524381460886
1667,2,0.7000000000000001,1060,1.7146524381460886
1668,2,0.8,1060,1.7146524381460886
1669,2,0.9,1060,1.7146524381460886
1670,2,1.0,1060,1.7146524381460886
1671,2,1.1,1060,1.7146524381460886
1672,2,1.2000000000000002,1060,1.7146524381460886
1673,2,1.3,1060,1.7146524381460886
1674,2,1.4000000000000001,1060,1.7146524381460886
1675,2,1.5,1060,1.7146524381460886
1676,2,1.6,1060,1.7146524381460886
1677,2,1.7000000000000002,1060,1.7146524381460886
1678,2,1.8,1060,1.7146524381460886
1679,2,1.9000000000000001,1060,1.7146524381460886
1680,2,0.5,1090,1.6572008113590264
1681,2,0.6000000000000001,1090,1.6572008113590264
1682,2,0.7000000000000001,1090,1.6572008113590264
1683,2,0.8,1090,1.6572008113590264
1684,2,0.9,1090,1.6572008113590264
1685,2,1.0,1090,1.6572008113590264
1686,2,1.1,1090,1.6572008113590264
1687,2,1.2000000000000002,1090,1.6572008113590264
1688,2,1.3,1090,1.6572008113590264
1689,2,1.4000000000000001,1090,1.6572008113590264
1690,2,1.5,1090,1.6572008113590264
1691,2,1.6,1090,1.6572008113590264
1692,2,1.7000000000000002,1090,1.6572008113590264
1693,2,1.8,1090,1.6572008113590264
1694,2,1.9000000000000001,1090,1.6572008113590264
1695,2,0.5,1120,1.7890466531440161
1696,2,0.6000000000000001,1120,1.7890466531440161
1697,2,0.7000000000000001,1120,1.7890466531440161
1698,2,0.8,1120,1.7890466531440161
1699,2,0.9,1120,1.7890466531440161
1700,2,1.0,1120,1.7890466531440161
1701,2,1.1,1120,1.7890466531440161
1702,2,1.2000000000000002,1120,1.7890466531440161
1703,2,1.3,1120,1.7890466531440161
1704,2,1.4000000000000001,1120,1.7890466531440161
1705,2,1.5,1120,1.7890466531440161
1706,2,1.6,1120,1.7890466531440161
1707,2,1.7000000000000002,1120,1.7890466531440161
1708,2,1.8,1120,1.7890466531440161
1709,2,1.9000000000000001,1120,1.7890466531440161
